Product Name,Category,,,,,
Bush Somerset Collection Bookcase,Furniture,,,,,
"Hon Deluxe Fabric Upholstered Stacking Chairs, Rounded Back",Furniture,,,,,
Self-Adhesive Address Labels for Typewriters by Universal,Office Supplies,,,,,
Bretford CR4500 Series Slim Rectangular Table,Furniture,,,,,
Eldon Fold 'N Roll Cart System,Office Supplies,,,,,
"Eldon Expressions Wood and Plastic Desk Accessories, Cherry Wood",Furniture,,PRODUCT COUNT ANALYSIS — SUPERSTORE,,,
Newell 322,Office Supplies,,,,,
Mitel 5320 IP Phone VoIP phone,Technology,,Category,Product Count,,
DXL Angle-View Binders with Locking Rings by Samsill,Office Supplies,,Furniture,380,,
Belkin F5C206VTEL 6 Outlet Surge,Office Supplies,,Office Supplies,1058,,
Chromcraft Rectangular Conference Tables,Furniture,,Technology,412,,
Konftel 250 Conference phone - Charcoal black,Technology,,Largest Category,Office Supplies,,
Xerox 1967,Office Supplies,,Largest Product Count,1058,,
Fellowes PB200 Plastic Comb Binding Machine,Office Supplies,,,,,
"Holmes Replacement Filter for HEPA Air Cleaner, Very Large Room, HEPA Filter",Office Supplies,,,,,
Storex DuraTech Recycled Plastic Frosted Binders,Office Supplies,,,,,
"Stur-D-Stor Shelving, Vertical 5-Shelf: 72""H x 36""W x 18 1/2""D",Office Supplies,,,,,
Fellowes Super Stor/Drawer,Office Supplies,,,,,
Newell 341,Office Supplies,,,,,
Cisco SPA 501G IP Phone,Technology,,,,,
"Wilson Jones Hanging View Binder, White, 1""",Office Supplies,,,,,
Newell 318,Office Supplies,,,,,
"Acco Six-Outlet Power Strip, 4' Cord Length",Office Supplies,,,,,
"Global Deluxe Stacking Chair, Gray",Furniture,,,,,
Wilson Jones Active Use Binders,Office Supplies,,,,,
Imation 8GB Mini TravelDrive USB 2.0 Flash Drive,Technology,,,,,
"Riverside Palais Royal Lawyers Bookcase, Royale Cherry Finish",Furniture,,,,,
Avery Recycled Flexi-View Covers for Binding Systems,Office Supplies,,,,,
"Howard Miller 13-3/4"" Diameter Brushed Chrome Round Wall Clock",Furniture,,,,,
Poly String Tie Envelopes,Office Supplies,,,,,
"BOSTON Model 1800 Electric Pencil Sharpeners, Putty/Woodgrain",Office Supplies,,,,,
"Acco Pressboard Covers with Storage Hooks, 14 7/8"" x 11"", Executive Red",Office Supplies,,,,,
Lumber Crayons,Office Supplies,,,,,
Easy-staple paper,Office Supplies,,,,,
GE 30524EE4,Technology,,,,,
"Electrix Architect's Clamp-On Swing Arm Lamp, Black",Furniture,,,,,
"#10-4 1/8"" x 9 1/2"" Premium Diagonal Seam Envelopes",Office Supplies,,,,,
"Atlantic Metals Mobile 3-Shelf Bookcases, Custom Colors",Furniture,,,,,
"Global Fabric Manager's Chair, Dark Gray",Furniture,,,,,
Plantronics HL10 Handset Lifter,Technology,,,,,
Panasonic Kx-TS550,Technology,,,,,
"Eldon Base for stackable storage shelf, platinum",Office Supplies,,,,,
"Advantus 10-Drawer Portable Organizer, Chrome Metal Frame, Smoke Drawers",Office Supplies,,,,,
"Verbatim 25 GB 6x Blu-ray Single Layer Recordable Disc, 25/Pack",Technology,,,,,
Wilson Jones Leather-Like Binders with DublLock Round Rings,Office Supplies,,,,,
"Gould Plastics 9-Pocket Panel Bin, 18-3/8w x 5-1/4d x 20-1/2h, Black",Office Supplies,,,,,
Imation 8gb Micro Traveldrive Usb 2.0 Flash Drive,Technology,,,,,
"LF Elite 3D Dazzle Designer Hard Case Cover, Lf Stylus Pen and Wiper For Apple Iphone 5c Mini Lite",Technology,,,,,
"C-Line Peel & Stick Add-On Filing Pockets, 8-3/4 x 5-1/8, 10/Pack",Office Supplies,,,,,
Avery 485,Office Supplies,,,,,
Longer-Life Soft White Bulbs,Furniture,,,,,
"Global Leather Task Chair, Black",Furniture,,,,,
Advantus Push Pins,Office Supplies,,,,,
AT&T CL83451 4-Handset Telephone,Technology,,,,,
Home/Office Personal File Carts,Office Supplies,,,,,
Xerox 232,Office Supplies,,,,,
Novimex Turbo Task Chair,Furniture,,,,,
"Array Parchment Paper, Assorted Colors",Office Supplies,,,,,
Plastic Binding Combs,Office Supplies,,,,,
Prang Dustless Chalk Sticks,Office Supplies,,,,,
"Verbatim 25 GB 6x Blu-ray Single Layer Recordable Disc, 3/Pack",Technology,,,,,
"Acco PRESSTEX Data Binder with Storage Hooks, Dark Blue, 14 7/8"" X 11""",Office Supplies,,,,,
Xerox 1943,Office Supplies,,,,,
Luxo Economy Swing Arm Lamp,Furniture,,,,,
"Global Value Mid-Back Manager's Chair, Gray",Furniture,,,,,
"Hunt BOSTON Model 1606 High-Volume Electric Pencil Sharpener, Beige",Office Supplies,,,,,
netTALK DUO VoIP Telephone Service,Technology,,,,,
"Snap-A-Way Black Print Carbonless Ruled Speed Letter, Triplicate",Office Supplies,,,,,
Avery Binding System Hidden Tab Executive Style Index Sets,Office Supplies,,,,,
"Telephone Message Books with Fax/Mobile Section, 5 1/2"" x 3 3/16""",Office Supplies,,,,,
High-Back Leather Manager's Chair,Furniture,,,,,
"Tenex Traditional Chairmats for Medium Pile Carpet, Standard Lip, 36"" x 48""",Furniture,,,,,
Safco Industrial Wire Shelving System,Office Supplies,,,,,
Economy Binders,Office Supplies,,,,,
"6"" Cubicle Wall Clock, Black",Furniture,,,,,
"SimpliFile Personal File, Black Granite, 15w x 6-15/16d x 11-1/4h",Office Supplies,,,,,
"Eldon Expressions Desk Accessory, Wood Pencil Holder, Oak",Furniture,,,,,
"1.7 Cubic Foot Compact ""Cube"" Office Refrigerators",Office Supplies,,,,,
Avery Heavy-Duty EZD  Binder With Locking Rings,Office Supplies,,,,,
"Premium Writing Pencils, Soft, #2 by Central Association for the Blind",Office Supplies,,,,,
"Sortfiler Multipurpose Personal File Organizer, Black",Office Supplies,,,,,
Jet-Pak Recycled Peel 'N' Seal Padded Mailers,Office Supplies,,,,,
Safco Industrial Wire Shelving,Office Supplies,,,,,
Novimex Swivel Fabric Task Chair,Furniture,,,,,
Logitech LS21 Speaker System - PC Multimedia - 2.1-CH - Wired,Technology,,,,,
Avery 511,Office Supplies,,,,,
Eldon Portable Mobile Manager,Office Supplies,,,,,
Turquoise Lead Holder with Pocket Clip,Office Supplies,,,,,
Xerox 1995,Office Supplies,,,,,
Xerox 1999,Office Supplies,,,,,
"Seth Thomas 13 1/2"" Wall Clock",Furniture,,,,,
Ibico Standard Transparent Covers,Office Supplies,,,,,
Flexible Leather- Look Classic Collection Ring Binder,Office Supplies,,,,,
9-3/4 Diameter Round Wall Clock,Furniture,,,,,
Trimflex Flexible Post Binders,Office Supplies,,,,,
Fellowes Basic Home/Office Series Surge Protectors,Office Supplies,,,,,
Avery Personal Creations Heavyweight Cards,Office Supplies,,,,,
SanDisk Ultra 64 GB MicroSDHC Class 10 Memory Card,Technology,,,,,
Avery Hidden Tab Dividers for Binding Systems,Office Supplies,,,,,
Universal Premium White Copier/Laser Paper (20Lb. and 87 Bright),Office Supplies,,,,,
Logitech K350 2.4Ghz Wireless Keyboard,Technology,,,,,
"Deflect-o DuraMat Lighweight, Studded, Beveled Mat for Low Pile Carpeting",Furniture,,,,,
"Avery Trapezoid Ring Binder, 3"" Capacity, Black, 1040 sheets",Office Supplies,,,,,
Memorex Mini Travel Drive 8 GB USB 2.0 Flash Drive,Technology,,,,,
Speck Products Candyshell Flip Case,Technology,,,,,
Newell Chalk Holder,Office Supplies,,,,,
Logitech Gaming G510s - Keyboard,Technology,,,,,
Magnifier Swing Arm Lamp,Furniture,,,,,
"Hunt PowerHouse Electric Pencil Sharpener, Blue",Office Supplies,,,,,
"Avery Durable Plastic 1"" Binders",Office Supplies,,,,,
"OIC Colored Binder Clips, Assorted Sizes",Office Supplies,,,,,
"Redi-Strip #10 Envelopes, 4 1/8 x 9 1/2",Office Supplies,,,,,
Xerox 1921,Office Supplies,,,,,
"Tyvek  Top-Opening Peel & Seel Envelopes, Plain White",Office Supplies,,,,,
Hon Racetrack Conference Tables,Furniture,,,,,
GBC DocuBind 300 Electric Binding Machine,Office Supplies,,,,,
Artistic Insta-Plaque,Furniture,,,,,
"Companion Letter/Legal File, Black",Office Supplies,,,,,
Globe Weis Peel & Seel First Class Envelopes,Office Supplies,,,,,
KLD Oscar II Style Snap-on Ultra Thin Side Flip Synthetic Leather Cover Case for HTC One HTC M7,Technology,,,,,
Global Deluxe High-Back Manager's Chair,Furniture,,,,,
Bevis 44 x 96 Conference Tables,Furniture,,,,,
"Avery Durable Slant Ring Binders, No Labels",Office Supplies,,,,,
"Trav-L-File Heavy-Duty Shuttle II, Black",Office Supplies,,,,,
"Global Task Chair, Black",Furniture,,,,,
Eldon Cleatmat Plus Chair Mats for High Pile Carpets,Furniture,,,,,
Anker 36W 4-Port USB Wall Charger Travel Power Adapter for iPhone 5s 5c 5,Technology,,,,,
Xerox 1916,Office Supplies,,,,,
Staples,Office Supplies,,,,,
Xerox 195,Office Supplies,,,,,
Xerox 1880,Office Supplies,,,,,
"Sanford Colorific Colored Pencils, 12/Box",Office Supplies,,,,,
Ideal Clamps,Office Supplies,,,,,
GBC Wire Binding Strips,Office Supplies,,,,,
Fiskars Softgrip Scissors,Office Supplies,,,,,
Newell 343,Office Supplies,,,,,
Convenience Packs of Business Envelopes,Office Supplies,,,,,
Xerox 1911,Office Supplies,,,,,
Sanyo 2.5 Cubic Foot Mid-Size Office Refrigerators,Office Supplies,,,,,
"Seth Thomas 14"" Putty-Colored Wall Clock",Furniture,,,,,
Plantronics Cordless Phone Headset with In-line Volume - M214C,Technology,,,,,
Anker Astro 15000mAh USB Portable Charger,Technology,,,,,
GBC Prestige Therm-A-Bind Covers,Office Supplies,,,,,
Belkin 7 Outlet SurgeMaster Surge Protector with Phone Protection,Office Supplies,,,,,
Jabra BIZ 2300 Duo QD Duo Corded Headset,Technology,,,,,
Southworth 25% Cotton Antique Laid Paper & Envelopes,Office Supplies,,,,,
Xerox 1883,Office Supplies,,,,,
"Tenex Personal Project File with Scoop Front Design, Black",Office Supplies,,,,,
Newell 311,Office Supplies,,,,,
Avery 519,Office Supplies,,,,,
Avaya 5420 Digital phone,Technology,,,,,
Xerox 1920,Office Supplies,,,,,
Lenovo 17-Key USB Numeric Keypad,Technology,,,,,
Staple envelope,Office Supplies,,,,,
Wilson Jones International Size A4 Ring Binders,Office Supplies,,,,,
BIC Brite Liner Highlighters,Office Supplies,,,,,
Lexmark MX611dhe Monochrome Laser Printer,Technology,,,,,
Space Solutions HD Industrial Steel Shelving.,Office Supplies,,,,,
SAFCO Arco Folding Chair,Furniture,,,,,
Sanford Liquid Accent Highlighters,Office Supplies,,,,,
Kensington 7 Outlet MasterPiece Power Center,Office Supplies,,,,,
JBL Micro Wireless Portable Bluetooth Speaker,Technology,,,,,
"Adams Phone Message Book, Professional, 400 Message Capacity, 5 3/6” x 11”",Office Supplies,,,,,
Xerox 1913,Office Supplies,,,,,
"Global Value Steno Chair, Gray",Furniture,,,,,
Kensington 7 Outlet MasterPiece HOMEOFFICE Power Control Center,Office Supplies,,,,,
Avery 51,Office Supplies,,,,,
"Acco 7-Outlet Masterpiece Power Center, Wihtout Fax/Phone Line Protection",Office Supplies,,,,,
"Padded Folding Chairs, Black, 4/Carton",Furniture,,,,,
Acme Rosewood Handle Letter Opener,Office Supplies,,,,,
"Sanford Colorific Eraseable Coloring Pencils, 12 Count",Office Supplies,,,,,
"Tenex File Box, Personal Filing Tote with Lid, Black",Office Supplies,,,,,
Imation Secure+ Hardware Encrypted USB 2.0 Flash Drive; 16GB,Technology,,,,,
AT&T TR1909W,Technology,,,,,
Nokia Lumia 521 (T-Mobile),Technology,,,,,
HP Standard 104 key PS/2 Keyboard,Technology,,,,,
Avery Poly Binder Pockets,Office Supplies,,,,,
SanDisk Ultra 32 GB MicroSDHC Class 10 Memory Card,Technology,,,,,
"Personal Filing Tote with Lid, Black/Gray",Office Supplies,,,,,
"Atlantic Metals Mobile 4-Shelf Bookcases, Custom Colors",Furniture,,,,,
I Need's 3d Hello Kitty Hybrid Silicone Case Cover for HTC One X 4g with 3d Hello Kitty Stylus Pen Green/pink,Technology,,,,,
Xerox 205,Office Supplies,,,,,
4009 Highlighters by Sanford,Office Supplies,,,,,
"Binney & Smith Crayola Metallic Colored Pencils, 8-Color Set",Office Supplies,,,,,
"Binney & Smith inkTank Erasable Desk Highlighter, Chisel Tip, Yellow, 12/Box",Office Supplies,,,,,
Decoflex Hanging Personal Folder File,Office Supplies,,,,,
"Pressboard Covers with Storage Hooks, 9 1/2"" x 11"", Light Blue",Office Supplies,,,,,
"Wirebound Message Books, 5-1/2 x 4 Forms, 2 or 4 Forms per Page",Office Supplies,,,,,
Southworth 25% Cotton Linen-Finish Paper & Envelopes,Office Supplies,,,,,
BoxOffice By Design Rectangular and Half-Moon Meeting Room Tables,Furniture,,,,,
"Bravo II Megaboss 12-Amp Hard Body Upright, Replacement Belts, 2 Belts per Pack",Office Supplies,,,,,
Eureka Sanitaire  Commercial Upright,Office Supplies,,,,,
"Eldon 200 Class Desk Accessories, Burgundy",Furniture,,,,,
Nortel Business Series Terminal T7208 Digital phone,Technology,,,,,
"Tennsco Lockers, Gray",Office Supplies,,,,,
Panasonic KX-TG6844B Expandable Digital Cordless Telephone,Technology,,,,,
"Advantus Push Pins, Aluminum Head",Office Supplies,,,,,
"Gould Plastics 18-Pocket Panel Bin, 34w x 5-1/4d x 20-1/2h",Office Supplies,,,,,
Memorex Micro Travel Drive 8 GB,Technology,,,,,
Avery 505,Office Supplies,,,,,
O'Sullivan 2-Door Barrister Bookcase in Odessa Pine,Furniture,,,,,
Cisco 9971 IP Video Phone Charcoal,Technology,,,,,
Sony Micro Vault Click 16 GB USB 2.0 Flash Drive,Technology,,,,,
Adtran 1202752G1,Technology,,,,,
OIC Bulk Pack Metal Binder Clips,Office Supplies,,,,,
"While You Were Out Pads, 50 per Pad, 4 x 5 1/4, Green Cycle",Office Supplies,,,,,
"Executive Impressions 14"" Two-Color Numerals Wall Clock",Furniture,,,,,
Swingline SM12-08 MicroCut Jam Free Shredder,Technology,,,,,
Stanley Bostitch Contemporary Electric Pencil Sharpeners,Office Supplies,,,,,
"Sanford Uni-Blazer View Highlighters, Chisel Tip, Yellow",Office Supplies,,,,,
Bevis 36 x 72 Conference Tables,Furniture,,,,,
Rogers Deluxe File Chest,Office Supplies,,,,,
Global Low Back Tilter Chair,Furniture,,,,,
"Global Push Button Manager's Chair, Indigo",Furniture,,,,,
GBC Instant Index System for Binding Systems,Office Supplies,,,,,
Bush Advantage Collection Round Conference Table,Furniture,,,,,
Bretford Rectangular Conference Table Tops,Furniture,,,,,
"Tenex Contemporary Contur Chairmats for Low and Medium Pile Carpet, Computer, 39"" x 49""",Furniture,,,,,
Logitech P710e Mobile Speakerphone,Technology,,,,,
Xerox 4200 Series MultiUse Premium Copy Paper (20Lb. and 84 Bright),Office Supplies,,,,,
Xerox 1957,Office Supplies,,,,,
Luxo Professional Fluorescent Magnifier Lamp with Clamp-Mount Base,Furniture,,,,,
Staple-based wall hangings,Furniture,,,,,
PureGear Roll-On Screen Protector,Technology,,,,,
KI Conference Tables,Furniture,,,,,
Eldon 100 Class Desk Accessories,Furniture,,,,,
Safco Steel Mobile File Cart,Office Supplies,,,,,
"Adams Telephone Message Book w/Frequently-Called Numbers Space, 400 Messages per Book",Office Supplies,,,,,
Honeywell Enviracaire Portable HEPA Air Cleaner for 17' x 22' Room,Office Supplies,,,,,
"Global Leather Highback Executive Chair with Pneumatic Height Adjustment, Black",Furniture,,,,,
"Wirebound Message Books, Two 4 1/4"" x 5"" Forms per Page",Office Supplies,,,,,
"Fellowes Personal Hanging Folder Files, Navy",Office Supplies,,,,,
Tyvek Side-Opening Peel & Seel Expanding Envelopes,Office Supplies,,,,,
"Belkin 19"" Vented Equipment Shelf, Black",Office Supplies,,,,,
Logitech Mobile Speakerphone P710e - speaker phone,Technology,,,,,
Sabrent 4-Port USB 2.0 Hub,Technology,,,,,
Safco Industrial Shelving,Office Supplies,,,,,
Acco 3-Hole Punch,Office Supplies,,,,,
Eureka Disposable Bags for Sanitaire Vibra Groomer I Upright Vac,Office Supplies,,,,,
Xerox WorkCentre 6505DN Laser Multifunction Printer,Technology,,,,,
Cisco Small Business SPA 502G VoIP phone,Technology,,,,,
Microsoft Sculpt Comfort Mouse,Technology,,,,,
"Quartet Omega Colored Chalk, 12/Pack",Office Supplies,,,,,
Bagged Rubber Bands,Office Supplies,,,,,
Safco Commercial Shelving,Office Supplies,,,,,
"Recycled Interoffice Envelopes with String and Button Closure, 10 x 13",Office Supplies,,,,,
Adjustable Depth Letter/Legal Cart,Office Supplies,,,,,
Logitech 910-002974 M325 Wireless Mouse for Web Scrolling,Technology,,,,,
Regeneration Desk Collection,Furniture,,,,,
Presstex Flexible Ring Binders,Office Supplies,,,,,
"Ampad Gold Fibre Wirebound Steno Books, 6"" x 9"", Gregg Ruled",Office Supplies,,,,,
Newell 330,Office Supplies,,,,,
"Post-it “Important Message” Note Pad, Neon Colors, 50 Sheets/Pad",Office Supplies,,,,,
"Adams Write n' Stick Phone Message Book, 11"" X 5 1/4"", 200 Messages",Office Supplies,,,,,
Eldon Simplefile Box Office,Office Supplies,,,,,
Avery 489,Office Supplies,,,,,
Round Ring Binders,Office Supplies,,,,,
Bose SoundLink Bluetooth Speaker,Technology,,,,,
"Bevis Round Bullnose 29"" High Table Top",Furniture,,,,,
Microsoft Arc Touch Mouse,Technology,,,,,
Xerox 216,Office Supplies,,,,,
GBC VeloBinder Electric Binding Machine,Office Supplies,,,,,
Premier Automatic Letter Opener,Office Supplies,,,,,
Advantus SlideClip Paper Clips,Office Supplies,,,,,
Avery 512,Office Supplies,,,,,
Logitech Wireless Gaming Headset G930,Technology,,,,,
"Bush Westfield Collection Bookcases, Medium Cherry Finish",Furniture,,,,,
"Howard Miller 13"" Diameter Goldtone Round Wall Clock",Furniture,,,,,
Global Deluxe Office Fabric Chairs,Furniture,,,,,
Eldon ClusterMat Chair Mat with Cordless Antistatic Protection,Furniture,,,,,
Ibico Laser Imprintable Binding System Covers,Office Supplies,,,,,
"Vinyl Coated Wire Paper Clips in Organizer Box, 800/Box",Office Supplies,,,,,
Xerox 223,Office Supplies,,,,,
"Tennsco Stur-D-Stor Boltless Shelving, 5 Shelves, 24"" Deep, Sand",Office Supplies,,,,,
Xerox 1939,Office Supplies,,,,,
"Floodlight Indoor Halogen Bulbs, 1 Bulb per Pack, 60 Watts",Furniture,,,,,
Avery Premier Heavy-Duty Binder with Round Locking Rings,Office Supplies,,,,,
BPI Conference Tables,Furniture,,,,,
Electrix 20W Halogen Replacement Bulb for Zoom-In Desk Lamp,Furniture,,,,,
Newell 350,Office Supplies,,,,,
"GBC Clear Cover, 8-1/2 x 11, unpunched, 25 covers per pack",Office Supplies,,,,,
Boston Heavy-Duty Trimline Electric Pencil Sharpeners,Office Supplies,,,,,
Faber Castell Col-Erase Pencils,Office Supplies,,,,,
C-Line Cubicle Keepers Polyproplyene Holder With Velcro Backings,Furniture,,,,,
Hon 4070 Series Pagoda Armless Upholstered Stacking Chairs,Furniture,,,,,
"Eldon Expressions Desk Accessory, Wood Photo Frame, Mahogany",Furniture,,,,,
Avery 509,Office Supplies,,,,,
"Deflect-o SuperTray Unbreakable Stackable Tray, Letter, Black",Furniture,,,,,
AT&T 1070 Corded Phone,Technology,,,,,
Xerox 21,Office Supplies,,,,,
"Boston School Pro Electric Pencil Sharpener, 1670",Office Supplies,,,,,
DMI Arturo Collection Mission-style Design Wood Chair,Furniture,,,,,
Canon imageCLASS MF7460 Monochrome Digital Laser Multifunction Copier,Technology,,,,,
NETGEAR N750 Dual Band Wi-Fi Gigabit Router,Technology,,,,,
OIC Binder Clips,Office Supplies,,,,,
Logitech Wireless Headset h800,Technology,,,,,
Telescoping Adjustable Floor Lamp,Furniture,,,,,
Aastra 57i VoIP phone,Technology,,,,,
"File Shuttle II and Handi-File, Black",Office Supplies,,,,,
Hon 2090 “Pillow Soft” Series Mid Back Swivel/Tilt Chairs,Furniture,,,,,
Round Specialty Laser Printer Labels,Office Supplies,,,,,
GBC Premium Transparent Covers with Diagonal Lined Pattern,Office Supplies,,,,,
AT&T 841000 Phone,Technology,,,,,
Ibico Recycled Grain-Textured Covers,Office Supplies,,,,,
Wilson Jones Custom Binder Spines & Labels,Office Supplies,,,,,
Storex Dura Pro Binders,Office Supplies,,,,,
Hewlett Packard LaserJet 3310 Copier,Technology,,,,,
Avery Non-Stick Binders,Office Supplies,,,,,
Tuff Stuff Recycled Round Ring Binders,Office Supplies,,,,,
Hon 5100 Series Wood Tables,Furniture,,,,,
"OIC Binder Clips, Mini, 1/4"" Capacity, Black",Office Supplies,,,,,
Newell 314,Office Supplies,,,,,
"Square Credit Card Reader, 4 1/2"" x 4 1/2"" x 1"", White",Technology,,,,,
"BIC Brite Liner Highlighters, Chisel Tip",Office Supplies,,,,,
Xerox 1881,Office Supplies,,,,,
Acco Hanging Data Binders,Office Supplies,,,,,
GBC DocuBind P400 Electric Binding System,Office Supplies,,,,,
Sauder Barrister Bookcases,Furniture,,,,,
"#10 Gummed Flap White Envelopes, 100/Box",Office Supplies,,,,,
"Dixon Prang Watercolor Pencils, 10-Color Set with Brush",Office Supplies,,,,,
"Adams Phone Message Book, 200 Message Capacity, 8 1/16” x 11”",Office Supplies,,,,,
Belkin 8 Outlet SurgeMaster II Gold Surge Protector with Phone Protection,Office Supplies,,,,,
"Avery Address/Shipping Labels for Typewriters, 4"" x 2""",Office Supplies,,,,,
Global Ergonomic Managers Chair,Furniture,,,,,
Newell 333,Office Supplies,,,,,
Eldon Wave Desk Accessories,Furniture,,,,,
Wilson Jones “Snap” Scratch Pad Binder Tool for Ring Binders,Office Supplies,,,,,
Staple remover,Office Supplies,,,,,
Pizazz Global Quick File,Office Supplies,,,,,
Xerox 1930,Office Supplies,,,,,
File Shuttle I and Handi-File,Office Supplies,,,,,
NETGEAR AC1750 Dual Band Gigabit Smart WiFi Router,Technology,,,,,
Newell 324,Office Supplies,,,,,
Microsoft Natural Keyboard Elite,Technology,,,,,
Xerox 1960,Office Supplies,,,,,
"Office Impressions End Table, 20-1/2""H x 24""W x 20""D",Furniture,,,,,
Holmes Odor Grabber,Office Supplies,,,,,
Akro-Mils 12-Gallon Tote,Office Supplies,,,,,
"GBC Twin Loop Wire Binding Elements, 9/16"" Spine, Black",Office Supplies,,,,,
Southworth Structures Collection,Office Supplies,,,,,
"Square Ring Data Binders, Rigid 75 Pt. Covers, 11"" x 14-7/8""",Office Supplies,,,,,
Sony 32GB Class 10 Micro SDHC R40 Memory Card,Technology,,,,,
"Hon Practical Foundations 30 x 60 Training Table, Light Gray/Charcoal",Furniture,,,,,
Logitech Media Keyboard K200,Technology,,,,,
Lexmark MarkNet N8150 Wireless Print Server,Technology,,,,,
3M Hangers With Command Adhesive,Furniture,,,,,
Crayola Colored Pencils,Office Supplies,,,,,
"Angle-D Binders with Locking Rings, Label Holders",Office Supplies,,,,,
Nortel Meridian M3904 Professional Digital phone,Technology,,,,,
Canon PC1080F Personal Copier,Technology,,,,,
Wilson Jones Century Plastic Molded Ring Binders,Office Supplies,,,,,
Tuf-Vin Binders,Office Supplies,,,,,
2300 Heavy-Duty Transfer File Systems by Perma,Office Supplies,,,,,
Xerox 1958,Office Supplies,,,,,
"Acme 10"" Easy Grip Assistive Scissors",Office Supplies,,,,,
Super Decoflex Portable Personal File,Office Supplies,,,,,
"Contico 72""H Heavy-Duty Storage System",Office Supplies,,,,,
Sony 64GB Class 10 Micro SDHC R40 Memory Card,Technology,,,,,
Xerox 1974,Office Supplies,,,,,
"Avery Hi-Liter EverBold Pen Style Fluorescent Highlighters, 4/Pack",Office Supplies,,,,,
Staple holder,Office Supplies,,,,,
Sharp AL-1530CS Digital Copier,Technology,,,,,
"Wirebound Message Book, 4 per Page",Office Supplies,,,,,
"Bevis Round Conference Table Top, X-Base",Furniture,,,,,
"Wirebound Service Call Books, 5 1/2"" x 4""",Office Supplies,,,,,
Self-Adhesive Removable Labels,Office Supplies,,,,,
Xerox 1908,Office Supplies,,,,,
O'Sullivan 4-Shelf Bookcase in Odessa Pine,Furniture,,,,,
Novimex High-Tech Fabric Mesh Task Chair,Furniture,,,,,
Xerox 191,Office Supplies,,,,,
Bulldog Vacuum Base Pencil Sharpener,Office Supplies,,,,,
Bevis Steel Folding Chairs,Furniture,,,,,
Xerox 1987,Office Supplies,,,,,
American Pencil,Office Supplies,,,,,
"White Envelopes, White Envelopes with Clear Poly Window",Office Supplies,,,,,
KeyTronic 6101 Series - Keyboard - Black,Technology,,,,,
"Westinghouse Mesh Shade Clip-On Gooseneck Lamp, Black",Furniture,,,,,
Crate-A-Files,Office Supplies,,,,,
Hon Multipurpose Stacking Arm Chairs,Furniture,,,,,
Coloredge Poster Frame,Furniture,,,,,
GBC VeloBinder Manual Binding System,Office Supplies,,,,,
"Epson WorkForce WF-2530 All-in-One Printer, Copier Scanner",Technology,,,,,
Design Ebony Sketching Pencil,Office Supplies,,,,,
GBC ProClick 150 Presentation Binding System,Office Supplies,,,,,
Woodgrain Magazine Files by Perma,Office Supplies,,,,,
Letter Size Cart,Office Supplies,,,,,
Insertable Tab Post Binder Dividers,Office Supplies,,,,,
Belkin QODE FastFit Bluetooth Keyboard,Technology,,,,,
"Canon Color ImageCLASS MF8580Cdw Wireless Laser All-In-One Printer, Copier, Scanner",Technology,,,,,
Xerox 1897,Office Supplies,,,,,
Global Deluxe Steno Chair,Furniture,,,,,
Aluminum Document Frame,Furniture,,,,,
Fellowes Bankers Box Staxonsteel Drawer File/Stacking System,Office Supplies,,,,,
Eldon Mobile Mega Data Cart  Mega Stackable  Add-On Trays,Office Supplies,,,,,
"Xerox Color Copier Paper, 11"" x 17"", Ream",Office Supplies,,,,,
Office Star - Ergonomically Designed Knee Chair,Furniture,,,,,
Avery 520,Office Supplies,,,,,
"GE General Purpose, Extra Long Life, Showcase & Floodlight Incandescent Bulbs",Furniture,,,,,
Newell 345,Office Supplies,,,,,
Fellowes Bankers Box Recycled Super Stor/Drawer,Office Supplies,,,,,
Boston 1645 Deluxe Heavier-Duty Electric Pencil Sharpener,Office Supplies,,,,,
50 Colored Long Pencils,Office Supplies,,,,,
Newell 342,Office Supplies,,,,,
Belkin Grip Candy Sheer Case / Cover for iPhone 5 and 5S,Technology,,,,,
Deluxe Rollaway Locking File with Drawer,Office Supplies,,,,,
Memorex Mini Travel Drive 16 GB USB 2.0 Flash Drive,Technology,,,,,
"Global Geo Office Task Chair, Gray",Furniture,,,,,
Hon 4700 Series Mobuis Mid-Back Task Chairs with Adjustable Arms,Furniture,,,,,
3M Office Air Cleaner,Office Supplies,,,,,
Logitech G700s Rechargeable Gaming Mouse,Technology,,,,,
Acco D-Ring Binder w/DublLock,Office Supplies,,,,,
Bush Advantage Collection Racetrack Conference Table,Furniture,,,,,
Poly Designer Cover & Back,Office Supplies,,,,,
Premier Electric Letter Opener,Office Supplies,,,,,
"Fellowes Premier Superior Surge Suppressor, 10-Outlet, With Phone and Remote",Office Supplies,,,,,
Bush Mission Pointe Library,Furniture,,,,,
Cardinal Hold-It CD Pocket,Office Supplies,,,,,
"Eaton Premium Continuous-Feed Paper, 25% Cotton, Letter Size, White, 1000 Shts/Box",Office Supplies,,,,,
SAFCO Boltless Steel Shelving,Office Supplies,,,,,
"Sauder Mission Library with Doors, Fruitwood Finish",Furniture,,,,,
Samsung Galaxy Note 3,Technology,,,,,
"Decoflex Hanging Personal Folder File, Blue",Office Supplies,,,,,
"Recycled Desk Saver Line ""While You Were Out"" Book, 5 1/2"" X 4""",Office Supplies,,,,,
Xerox 1912,Office Supplies,,,,,
Cisco SPA525G2 IP Phone - Wireless,Technology,,,,,
Prang Colored Pencils,Office Supplies,,,,,
"Fellowes Strictly Business Drawer File, Letter/Legal Size",Office Supplies,,,,,
Imation USB 2.0 Swivel Flash Drive USB flash drive - 4 GB - Pink,Technology,,,,,
Logitech G602 Wireless Gaming Mouse,Technology,,,,,
Alphabetical Labels for Top Tab Filing,Office Supplies,,,,,
O'Sullivan Living Dimensions 2-Shelf Bookcases,Furniture,,,,,
iHome FM Clock Radio with Lightning Dock,Technology,,,,,
Apple iPhone 5S,Technology,,,,,
Square Credit Card Reader,Technology,,,,,
Logitech M510 Wireless Mouse,Technology,,,,,
Fellowes Officeware Wire Shelving,Office Supplies,,,,,
Colored Envelopes,Office Supplies,,,,,
Sony Micro Vault Click 8 GB USB 2.0 Flash Drive,Technology,,,,,
Balt Solid Wood Rectangular Table,Furniture,,,,,
"Strathmore #10 Envelopes, Ultimate White",Office Supplies,,,,,
Clear Mylar Reinforcing Strips,Office Supplies,,,,,
"Howard Miller 14-1/2"" Diameter Chrome Round Wall Clock",Furniture,,,,,
Deflect-O Glasstique Clear Desk Accessories,Furniture,,,,,
Vinyl Sectional Post Binders,Office Supplies,,,,,
GBC Standard Therm-A-Bind Covers,Office Supplies,,,,,
Global Troy Executive Leather Low-Back Tilter,Furniture,,,,,
Storex Flexible Poly Binders with Double Pockets,Office Supplies,,,,,
"White Dual Perf Computer Printout Paper, 2700 Sheets, 1 Part, Heavyweight, 20 lbs., 14 7/8 x 11",Office Supplies,,,,,
Rogers Handheld Barrel Pencil Sharpener,Office Supplies,,,,,
Newell 344,Office Supplies,,,,,
Personal File Boxes with Fold-Down Carry Handle,Office Supplies,,,,,
Fellowes PB500 Electric Punch Plastic Comb Binding Machine with Manual Bind,Office Supplies,,,,,
Executive Impressions Supervisor Wall Clock,Furniture,,,,,
SanDisk Cruzer 32 GB USB Flash Drive,Technology,,,,,
Newell 327,Office Supplies,,,,,
Newell 317,Office Supplies,,,,,
Canon Image Class D660 Copier,Technology,,,,,
Advantus Rolling Storage Box,Office Supplies,,,,,
Great White Multi-Use Recycled Paper (20Lb. and 84 Bright),Office Supplies,,,,,
Tennsco Single-Tier Lockers,Office Supplies,,,,,
Carina Double Wide Media Storage Towers in Natural & Black,Office Supplies,,,,,
XtraLife ClearVue Slant-D Ring Binders by Cardinal,Office Supplies,,,,,
Motorola HK250 Universal Bluetooth Headset,Technology,,,,,
Imation 16GB Mini TravelDrive USB 2.0 Flash Drive,Technology,,,,,
Global Commerce Series High-Back Swivel/Tilt Chairs,Furniture,,,,,
Eldon Gobal File Keepers,Office Supplies,,,,,
Martin Yale Chadless Opener Electric Letter Opener,Office Supplies,,,,,
"White Business Envelopes with Contemporary Seam, Recycled White Business Envelopes",Office Supplies,,,,,
Safco Contoured Stacking Chairs,Furniture,,,,,
Tenex Chairmats For Use With Carpeted Floors,Furniture,,,,,
Panasonic KX-TG9471B,Technology,,,,,
Sterilite Officeware Hinged File Box,Office Supplies,,,,,
"Premier Elliptical Ring Binder, Black",Office Supplies,,,,,
Cardinal Poly Pocket Divider Pockets for Ring Binders,Office Supplies,,,,,
Eureka The Boss Cordless Rechargeable Stick Vac,Office Supplies,,,,,
"Situations Contoured Folding Chairs, 4/Set",Furniture,,,,,
Enermax Aurora Lite Keyboard,Technology,,,,,
LG Electronics Tone+ HBS-730 Bluetooth Headset,Technology,,,,,
SanDisk Cruzer 64 GB USB Flash Drive,Technology,,,,,
Xblue XB-1670-86 X16 Small Office Telephone - Titanium,Technology,,,,,
"Deflect-o EconoMat Studded, No Bevel Mat for Low Pile Carpeting",Furniture,,,,,
Avery Printable Repositionable Plastic Tabs,Office Supplies,,,,,
Xerox 1898,Office Supplies,,,,,
HON 5400 Series Task Chairs for Big and Tall,Furniture,,,,,
"Howard Miller 11-1/2"" Diameter Grantwood Wall Clock",Furniture,,,,,
Advantus T-Pin Paper Clips,Office Supplies,,,,,
Tennsco 16-Compartment Lockers with Coat Rack,Office Supplies,,,,,
Zebra Zazzle Fluorescent Highlighters,Office Supplies,,,,,
Avery 473,Office Supplies,,,,,
Bretford “Just In Time” Height-Adjustable Multi-Task Work Tables,Furniture,,,,,
Xerox 226,Office Supplies,,,,,
"GBC Prepunched Paper, 19-Hole, for Binding Systems, 24-lb",Office Supplies,,,,,
"Sanitaire Vibra Groomer IR Commercial Upright Vacuum, Replacement Belts",Office Supplies,,,,,
Advantus Panel Wall Acrylic Frame,Furniture,,,,,
"Alliance Big Bands Rubber Bands, 12/Pack",Office Supplies,,,,,
Cisco SPA301,Technology,,,,,
Personal Creations Ink Jet Cards and Labels,Office Supplies,,,,,
"GBC White Gloss Covers, Plain Front",Office Supplies,,,,,
Xerox 222,Office Supplies,,,,,
Hon Every-Day Series Multi-Task Chairs,Furniture,,,,,
Cush Cases Heavy Duty Rugged Cover Case for Samsung Galaxy S5 - Purple,Technology,,,,,
Newell 332,Office Supplies,,,,,
Rediform S.O.S. Phone Message Books,Office Supplies,,,,,
Acme Value Line Scissors,Office Supplies,,,,,
"Contract Clock, 14"", Brown",Furniture,,,,,
Martin-Yale Premier Letter Opener,Office Supplies,,,,,
AT&T SB67148 SynJ,Technology,,,,,
Recycled Pressboard Report Cover with Reinforced Top Hinge,Office Supplies,,,,,
"Dot Matrix Printer Tape Reel Labels, White, 5000/Box",Office Supplies,,,,,
i.Sound Portable Power - 8000 mAh,Technology,,,,,
Xerox 225,Office Supplies,,,,,
Xerox 1894,Office Supplies,,,,,
Newell 312,Office Supplies,,,,,
Fellowes Superior 10 Outlet Split Surge Protector,Office Supplies,,,,,
Dana Halogen Swing-Arm Architect Lamp,Furniture,,,,,
Acme Stainless Steel Office Snips,Office Supplies,,,,,
Mophie Juice Pack Helium for iPhone,Technology,,,,,
GE 2-Jack Phone Line Splitter,Technology,,,,,
"Hot File 7-Pocket, Floor Stand",Office Supplies,,,,,
Xerox 1889,Office Supplies,,,,,
Angle-D Ring Binders,Office Supplies,,,,,
Motorola L804,Technology,,,,,
Avery 493,Office Supplies,,,,,
Xerox 1972,Office Supplies,,,,,
Cisco 8x8 Inc. 6753i IP Business Phone System,Technology,,,,,
Prestige Round Ring Binders,Office Supplies,,,,,
"DAX Metal Frame, Desktop, Stepped-Edge",Furniture,,,,,
"DAX Value U-Channel Document Frames, Easel Back",Furniture,,,,,
Recycled Easel Ring Binders,Office Supplies,,,,,
Grandstream GXP1160 VoIP phone,Technology,,,,,
"Cardinal Slant-D Ring Binder, Heavy Gauge Vinyl",Office Supplies,,,,,
"Global Manager's Adjustable Task Chair, Storm",Furniture,,,,,
Honeywell Enviracaire Portable HEPA Air Cleaner for up to 10 x 16 Room,Office Supplies,,,,,
"Mini 13-1/2 Capacity Data Binder Rack, Pearl",Office Supplies,,,,,
"Master Caster Door Stop, Brown",Furniture,,,,,
Belkin Premiere Surge Master II 8-outlet surge protector,Office Supplies,,,,,
"Acco Pressboard Covers with Storage Hooks, 9 1/2"" x 11"", Executive Red",Office Supplies,,,,,
Tennsco Regal Shelving Units,Office Supplies,,,,,
Imation 32GB Pocket Pro USB 3.0 Flash Drive - 32 GB - Black - 1 P ...,Technology,,,,,
Jabra SPEAK 410,Technology,,,,,
"Verbatim 25 GB 6x Blu-ray Single Layer Recordable Disc, 1/Pack",Technology,,,,,
Office Star - Mesh Screen back chair with Vinyl seat,Furniture,,,,,
Premium Transparent Presentation Covers by GBC,Office Supplies,,,,,
Tripp Lite TLP810NET Broadband Surge for Modem/Fax,Office Supplies,,,,,
Wilson Jones Turn Tabs Binder Tool for Ring Binders,Office Supplies,,,,,
Eldon 200 Class Desk Accessories,Furniture,,,,,
Economy Rollaway Files,Office Supplies,,,,,
Avery 480,Office Supplies,,,,,
Xerox 1993,Office Supplies,,,,,
"Eureka The Boss Plus 12-Amp Hard Box Upright Vacuum, Red",Office Supplies,,,,,
Belkin F9H710-06 7 Outlet SurgeMaster Surge Protector,Office Supplies,,,,,
First Data FD10 PIN Pad,Technology,,,,,
Sony 16GB Class 10 Micro SDHC R40 Memory Card,Technology,,,,,
Tripp Lite Isotel 8 Ultra 8 Outlet Metal Surge,Office Supplies,,,,,
Avery Durable Poly Binders,Office Supplies,,,,,
Airmail Envelopes,Office Supplies,,,,,
Space Solutions Commercial Steel Shelving,Office Supplies,,,,,
Acme Tagit Stainless Steel Antibacterial Scissors,Office Supplies,,,,,
ClearOne Communications CHAT 70 OC Speaker Phone,Technology,,,,,
"Master Giant Foot Doorstop, Safety Yellow",Furniture,,,,,
12-1/2 Diameter Round Wall Clock,Furniture,,,,,
"Chromcraft Bull-Nose Wood Round Conference Table Top, Wood Base",Furniture,,,,,
"Adams Telephone Message Book W/Dividers/Space For Phone Numbers, 5 1/4""X8 1/2"", 200/Messages",Office Supplies,,,,,
Newell 331,Office Supplies,,,,,
Kensington 6 Outlet Guardian Standard Surge Protector,Office Supplies,,,,,
"Southworth 100% Résumé Paper, 24lb.",Office Supplies,,,,,
Hoover Portapower Portable Vacuum,Office Supplies,,,,,
"Verbatim 25 GB 6x Blu-ray Single Layer Recordable Disc, 10/Pack",Technology,,,,,
"Howard Miller 13-1/2"" Diameter Rosebrook Wall Clock",Furniture,,,,,
Ibico Hi-Tech Manual Binding System,Office Supplies,,,,,
Avery Hanging File Binders,Office Supplies,,,,,
Fellowes Neat Ideas Storage Cubes,Office Supplies,,,,,
Cubify CubeX 3D Printer Triple Head Print,Technology,,,,,
Avery 516,Office Supplies,,,,,
"Bush Andora Bookcase, Maple/Graphite Gray Finish",Furniture,,,,,
Luxo Professional Magnifying Clamp-On Fluorescent Lamps,Furniture,,,,,
Recycled Eldon Regeneration Jumbo File,Office Supplies,,,,,
Imation Bio 8GB USB Flash Drive Imation Corp,Technology,,,,,
Xerox 1977,Office Supplies,,,,,
Avery 490,Office Supplies,,,,,
"Avery 4027 File Folder Labels for Dot Matrix Printers, 5000 Labels per Box, White",Office Supplies,,,,,
"Binney & Smith Crayola Metallic Crayons, 16-Color Pack",Office Supplies,,,,,
GBC Linen Binding Covers,Office Supplies,,,,,
"Tenex ""The Solids"" Textured Chair Mats",Furniture,,,,,
Laminate Occasional Tables,Furniture,,,,,
Xerox 220,Office Supplies,,,,,
Fellowes 8 Outlet Superior Workstation Surge Protector,Office Supplies,,,,,
O'Sullivan Living Dimensions 5-Shelf Bookcases,Furniture,,,,,
"#10- 4 1/8"" x 9 1/2"" Security-Tint Envelopes",Office Supplies,,,,,
Bionaire Personal Warm Mist Humidifier/Vaporizer,Office Supplies,,,,,
Logitech Wireless Performance Mouse MX for PC and Mac,Technology,,,,,
Cardinal Holdit Business Card Pockets,Office Supplies,,,,,
"Howard Miller 13"" Diameter Pewter Finish Round Wall Clock",Furniture,,,,,
Tops Green Bar Computer Printout Paper,Office Supplies,,,,,
Chromcraft Bull-Nose Wood Oval Conference Tables & Bases,Furniture,,,,,
"Recycled Data-Pak for Archival Bound Computer Printouts, 12-1/2 x 12-1/2 x 16",Office Supplies,,,,,
"Seth Thomas 16"" Steel Case Clock",Furniture,,,,,
Acme Softgrip Scissors,Office Supplies,,,,,
"Manila Recycled Extra-Heavyweight Clasp Envelopes, 6"" x 9""",Office Supplies,,,,,
ClearSounds CSC500 Amplified Spirit Phone Corded phone,Technology,,,,,
Xerox 1964,Office Supplies,,,,,
"Bevis Traditional Conference Table Top, Plinth Base",Furniture,,,,,
"Personal Folder Holder, Ebony",Office Supplies,,,,,
Logitech Illuminated - Keyboard,Technology,,,,,
O'Sullivan Cherrywood Estates Traditional Bookcase,Furniture,,,,,
Acco Translucent Poly Ring Binders,Office Supplies,,,,,
Logitech Wireless Touch Keyboard K400,Technology,,,,,
Avery 508,Office Supplies,,,,,
GBC Standard Plastic Binding Systems Combs,Office Supplies,,,,,
Xerox 196,Office Supplies,,,,,
"Fiskars 8"" Scissors, 2/Pack",Office Supplies,,,,,
Belkin iPhone and iPad Lightning Cable,Technology,,,,,
GBC Durable Plastic Covers,Office Supplies,,,,,
Nu-Dell Leatherette Frames,Furniture,,,,,
Avery Durable Binders,Office Supplies,,,,,
Hewlett Packard 610 Color Digital Copier / Printer,Technology,,,,,
Chromcraft Round Conference Tables,Furniture,,,,,
Avery 476,Office Supplies,,,,,
Brown Kraft Recycled Envelopes,Office Supplies,,,,,
Plantronics S12 Corded Telephone Headset System,Technology,,,,,
3-ring staple pack,Office Supplies,,,,,
Fellowes Stor/Drawer Steel Plus Storage Drawers,Office Supplies,,,,,
Electrix Halogen Magnifier Lamp,Furniture,,,,,
Hon 4070 Series Pagoda Round Back Stacking Chairs,Furniture,,,,,
Cardinal EasyOpen D-Ring Binders,Office Supplies,,,,,
GBC Instant Report Kit,Office Supplies,,,,,
Boston 19500 Mighty Mite Electric Pencil Sharpener,Office Supplies,,,,,
"C-Line Magnetic Cubicle Keepers, Clear Polypropylene",Furniture,,,,,
"Dixon My First Ticonderoga Pencil, #2",Office Supplies,,,,,
Hon GuestStacker Chair,Furniture,,,,,
Xerox 1927,Office Supplies,,,,,
"Safco Value Mate Series Steel Bookcases, Baked Enamel Finish on Steel, Gray",Furniture,,,,,
Microsoft Natural Ergonomic Keyboard 4000,Technology,,,,,
Cameo Buff Policy Envelopes,Office Supplies,,,,,
Heavy-Duty E-Z-D Binders,Office Supplies,,,,,
"Lifetime Advantage Folding Chairs, 4/Carton",Furniture,,,,,
"Acco PRESSTEX Data Binder with Storage Hooks, Dark Blue, 9 1/2"" X 11""",Office Supplies,,,,,
Office Star - Contemporary Task Swivel Chair,Furniture,,,,,
Cisco Unified IP Phone 7945G VoIP phone,Technology,,,,,
Avery 499,Office Supplies,,,,,
Xerox 1887,Office Supplies,,,,,
Smead Alpha-Z Color-Coded Second Alphabetical Labels and Starter Set,Office Supplies,,,,,
"Executive Impressions 14"" Contract Wall Clock",Furniture,,,,,
Belkin 7 Outlet SurgeMaster II,Office Supplies,,,,,
Xerox 218,Office Supplies,,,,,
"Eldon Stackable Tray, Side-Load, Legal, Smoke",Furniture,,,,,
Model L Table or Wall-Mount Pencil Sharpener,Office Supplies,,,,,
ClearOne CHATAttach 160 - speaker phone,Technology,,,,,
Kensington SlimBlade Notebook Wireless Mouse with Nano Receiver ,Technology,,,,,
Newell 32,Office Supplies,,,,,
Belkin F9G930V10-GRY 9 Outlet Surge,Office Supplies,,,,,
Razer Tiamat Over Ear 7.1 Surround Sound PC Gaming Headset,Technology,,,,,
Xerox 1968,Office Supplies,,,,,
Self-Adhesive Ring Binder Labels,Office Supplies,,,,,
Global Leather Executive Chair,Furniture,,,,,
GBC Recycled Grain Textured Covers,Office Supplies,,,,,
Xerox 1941,Office Supplies,,,,,
Razer Kraken PRO Over Ear PC and Music Headset,Technology,,,,,
Kingston Digital DataTraveler 32GB USB 2.0,Technology,,,,,
Advantus Plastic Paper Clips,Office Supplies,,,,,
Acme Forged Steel Scissors with Black Enamel Handles,Office Supplies,,,,,
Security-Tint Envelopes,Office Supplies,,,,,
"Global Airflow Leather Mesh Back Chair, Black",Furniture,,,,,
"Fellowes Smart Surge Ten-Outlet Protector, Platinum",Office Supplies,,,,,
Pyle PMP37LED,Technology,,,,,
Clarity 53712,Technology,,,,,
Boston 16801 Nautilus Battery Pencil Sharpener,Office Supplies,,,,,
"Holmes Replacement Filter for HEPA Air Cleaner, Large Room",Office Supplies,,,,,
Zebra GX420t Direct Thermal/Thermal Transfer Printer,Technology,,,,,
GBC ProClick Punch Binding System,Office Supplies,,,,,
"Adams Telephone Message Books, 5 1/4” x 11”",Office Supplies,,,,,
Newell 335,Office Supplies,,,,,
O'Sullivan 3-Shelf Heavy-Duty Bookcases,Furniture,,,,,
Fellowes Binding Cases,Office Supplies,,,,,
Ibico Plastic and Wire Spiral Binding Combs,Office Supplies,,,,,
Acme Preferred Stainless Steel Scissors,Office Supplies,,,,,
Avery 486,Office Supplies,,,,,
"Linden 10"" Round Wall Clock, Black",Furniture,,,,,
Maxell DVD-RAM Discs,Technology,,,,,
DIXON Oriole Pencils,Office Supplies,,,,,
Xerox 202,Office Supplies,,,,,
Xerox 1884,Office Supplies,,,,,
Acme Box Cutter Scissors,Office Supplies,,,,,
Staple magnet,Office Supplies,,,,,
Deluxe Chalkboard Eraser Cleaner,Office Supplies,,,,,
Logitech MX Performance Wireless Mouse,Technology,,,,,
Newell 337,Office Supplies,,,,,
"Logitech B530 USB Headset - headset - Full size, Binaural",Technology,,,,,
Avery 482,Office Supplies,,,,,
"Howard Miller 11-1/2"" Diameter Ridgewood Wall Clock",Furniture,,,,,
Avery 483,Office Supplies,,,,,
Large Capacity Hanging Post Binders,Office Supplies,,,,,
GBC Ibimaster 500 Manual ProClick Binding System,Office Supplies,,,,,
Southworth 100% Cotton The Best Paper,Office Supplies,,,,,
Xerox 1910,Office Supplies,,,,,
Logitech G19 Programmable Gaming Keyboard,Technology,,,,,
"Acco Pressboard Covers with Storage Hooks, 14 7/8"" x 11"", Light Blue",Office Supplies,,,,,
Lock-Up Easel 'Spel-Binder',Office Supplies,,,,,
Dax Clear Box Frame,Furniture,,,,,
Fellowes Black Plastic Comb Bindings,Office Supplies,,,,,
Eldon Shelf Savers Cubes and Bins,Office Supplies,,,,,
Anker Ultrathin Bluetooth Wireless Keyboard Aluminum Cover with Stand ,Technology,,,,,
"Ampad Poly Cover Wirebound Steno Book, 6"" x 9"" Assorted Colors, Gregg Ruled",Office Supplies,,,,,
Fluorescent Highlighters by Dixon,Office Supplies,,,,,
Nortel Networks T7316 E Nt8 B27,Technology,,,,,
Binding Machine Supplies,Office Supplies,,,,,
Things To Do Today Pad,Office Supplies,,,,,
Wilson Jones Hanging Recycled Pressboard Data Binders,Office Supplies,,,,,
Permanent Self-Adhesive File Folder Labels for Typewriters by Universal,Office Supplies,,,,,
Deluxe Heavy-Duty Vinyl Round Ring Binder,Office Supplies,,,,,
Xerox 1923,Office Supplies,,,,,
Xerox 1931,Office Supplies,,,,,
"Bush Westfield Collection Bookcases, Fully Assembled",Furniture,,,,,
Gear Head AU3700S Headset,Technology,,,,,
Wilson Jones Legal Size Ring Binders,Office Supplies,,,,,
Polycom CX600 IP Phone VoIP phone,Technology,,,,,
Maxell iVDR EX 500GB Cartridge,Technology,,,,,
Fellowes High-Stak Drawer Files,Office Supplies,,,,,
"Lesro Sheffield Collection Coffee Table, End Table, Center Table, Corner Table",Furniture,,,,,
Acco Perma 4000 Stacking Storage Drawers,Office Supplies,,,,,
Maxell 4.7GB DVD-R,Technology,,,,,
OtterBox Commuter Series Case - iPhone 5 & 5s,Technology,,,,,
Kensington 4 Outlet MasterPiece Compact Power Control Center,Office Supplies,,,,,
Xerox 1985,Office Supplies,,,,,
Hypercom P1300 Pinpad,Technology,,,,,
"Sanford Prismacolor Professional Thick Lead Art Pencils, 36-Color Set",Office Supplies,,,,,
"RSVP Cards & Envelopes, Blank White, 8-1/2"" X 11"", 24 Cards/25 Envelopes/Set",Office Supplies,,,,,
"Wirebound Message Books, 2 7/8"" x 5"", 3 Forms per Page",Office Supplies,,,,,
JM Magazine Binder,Office Supplies,,,,,
Xerox 213,Office Supplies,,,,,
Fellowes 8 Outlet Superior Workstation Surge Protector w/o Phone/Fax/Modem Protection,Office Supplies,,,,,
"Message Book, Standard Line ""While You Were Out"", 5 1/2"" X 4"", 200 Sets/Book",Office Supplies,,,,,
"Acco Pressboard Covers with Storage Hooks, 14 7/8"" x 11"", Dark Blue",Office Supplies,,,,,
Standard Rollaway File with Lock,Office Supplies,,,,,
"Avery Trapezoid Extra Heavy Duty 4"" Binders",Office Supplies,,,,,
Bevis Boat-Shaped Conference Table,Furniture,,,,,
"Deflect-o RollaMat Studded, Beveled Mat for Medium Pile Carpeting",Furniture,,,,,
"Riverside Furniture Oval Coffee Table, Oval End Table, End Table with Drawer",Furniture,,,,,
Xerox 210,Office Supplies,,,,,
Avery Durable Slant Ring Binders,Office Supplies,,,,,
"Universal Ultra Bright White Copier/Laser Paper, 8 1/2"" x 11"", Ream",Office Supplies,,,,,
Luxo Professional Combination Clamp-On Lamps,Furniture,,,,,
Zipper Ring Binder Pockets,Office Supplies,,,,,
Avery File Folder Labels,Office Supplies,,,,,
Color-Coded Legal Exhibit Labels,Office Supplies,,,,,
Xerox 212,Office Supplies,,,,,
Computer Printout Paper with Letter-Trim Fine Perforations,Office Supplies,,,,,
Office Impressions Heavy Duty Welded Shelving & Multimedia Storage Drawers,Office Supplies,,,,,
DAX Black Cherry Wood-Tone Poster Frame,Furniture,,,,,
Wilson Jones Easy Flow II Sheet Lifters,Office Supplies,,,,,
Xerox 188,Office Supplies,,,,,
"BIC Brite Liner Grip Highlighters, Assorted, 5/Pack",Office Supplies,,,,,
Samsung Galaxy S III - 16GB - pebble blue (T-Mobile),Technology,,,,,
"#10- 4 1/8"" x 9 1/2"" Recycled Envelopes",Office Supplies,,,,,
Wasp CCD Handheld Bar Code Reader,Technology,,,,,
Acco Suede Grain Vinyl Round Ring Binder,Office Supplies,,,,,
Bulldog Table or Wall-Mount Pencil Sharpener,Office Supplies,,,,,
Xerox 1979,Office Supplies,,,,,
Fellowes PB300 Plastic Comb Binding Machine,Office Supplies,,,,,
Plantronics Voyager Pro Legend,Technology,,,,,
Laser & Ink Jet Business Envelopes,Office Supplies,,,,,
Portable Personal File Box,Office Supplies,,,,,
Magna Visual Magnetic Picture Hangers,Furniture,,,,,
Plantronics CS510 - Over-the-Head monaural Wireless Headset System,Technology,,,,,
Fellowes Super Stor/Drawer Files,Office Supplies,,,,,
UniKeep View Case Binders,Office Supplies,,,,,
"Eldon Delta Triangular Chair Mat, 52"" x 58"", Clear",Furniture,,,,,
Project Tote Personal File,Office Supplies,,,,,
Enermax Acrylux Wireless Keyboard,Technology,,,,,
G.E. Halogen Desk Lamp Bulbs,Furniture,,,,,
OtterBox Commuter Series Case - Samsung Galaxy S4,Technology,,,,,
Iceberg Mobile Mega Data/Printer Cart ,Office Supplies,,,,,
Staples in misc. colors,Office Supplies,,,,,
Global Comet Stacking Arm Chair,Furniture,,,,,
Cisco SPA525G2 5-Line IP Phone,Technology,,,,,
Peel & Seel Envelopes,Office Supplies,,,,,
GBC Plastic Binding Combs,Office Supplies,,,,,
Xerox 2,Office Supplies,,,,,
Xerox 1935,Office Supplies,,,,,
Cyber Acoustics AC-202b Speech Recognition Stereo Headset,Technology,,,,,
Cisco SPA508G,Technology,,,,,
Avery 514,Office Supplies,,,,,
Southworth 25% Cotton Granite Paper & Envelopes,Office Supplies,,,,,
Eldon Advantage Chair Mats for Low to Medium Pile Carpets,Furniture,,,,,
Aluminum Screw Posts,Office Supplies,,,,,
Newell 336,Office Supplies,,,,,
Maxell 4.7GB DVD+RW 3/Pack,Technology,,,,,
"Atlantic Metals Mobile 5-Shelf Bookcases, Custom Colors",Furniture,,,,,
"Quartet Alpha White Chalk, 12/Pack",Office Supplies,,,,,
Belkin F9S820V06 8 Outlet Surge,Office Supplies,,,,,
"Global Stack Chair without Arms, Black",Furniture,,,,,
Eldon Antistatic Chair Mats for Low to Medium Pile Carpets,Furniture,,,,,
"Important Message Pads, 50 4-1/4 x 5-1/2 Forms per Pad",Office Supplies,,,,,
"Howard Miller 12"" Round Wall Clock",Furniture,,,,,
DIXON Ticonderoga Erasable Checking Pencils,Office Supplies,,,,,
Eldon Advantage Foldable Chair Mats for Low Pile Carpets,Furniture,,,,,
Avery Round Ring Poly Binders,Office Supplies,,,,,
Avery Hole Reinforcements,Office Supplies,,,,,
"Wilson Jones Ledger-Size, Piano-Hinge Binder, 2"", Blue",Office Supplies,,,,,
Stockwell Gold Paper Clips,Office Supplies,,,,,
"Super Bands, 12/Pack",Office Supplies,,,,,
Plantronics 81402,Technology,,,,,
Assorted Color Push Pins,Office Supplies,,,,,
"GBC Velobind Prepunched Cover Sets, Regency Series",Office Supplies,,,,,
3M Organizer Strips,Office Supplies,,,,,
Avery Durable Slant Ring Binders With Label Holder,Office Supplies,,,,,
Micropad Numeric Keypads,Technology,,,,,
Newell 328,Office Supplies,,,,,
Belkin 8 Outlet SurgeMaster II Gold Surge Protector,Office Supplies,,,,,
"Global High-Back Leather Tilter, Burgundy",Furniture,,,,,
Ativa V4110MDD Micro-Cut Shredder,Technology,,,,,
Xerox 224,Office Supplies,,,,,
Avery 488,Office Supplies,,,,,
Innergie mMini Combo Duo USB Travel Charging Kit,Technology,,,,,
Stanley Contemporary Battery Pencil Sharpeners,Office Supplies,,,,,
AT&T 1080 Corded phone,Technology,,,,,
Xerox 1950,Office Supplies,,,,,
"Fellowes Mobile File Cart, Black",Office Supplies,,,,,
GBC Recycled VeloBinder Covers,Office Supplies,,,,,
Hon 4060 Series Tables,Furniture,,,,,
Newell 326,Office Supplies,,,,,
Logitech ClearChat Comfort/USB Headset H390,Technology,,,,,
Newell 346,Office Supplies,,,,,
"Rediform Wirebound ""Phone Memo"" Message Book, 11 x 5-3/4",Office Supplies,,,,,
"GBC Standard Recycled Report Covers, Clear Plastic Sheets",Office Supplies,,,,,
"Recycled Interoffice Envelopes with Re-Use-A-Seal Closure, 10 x 13",Office Supplies,,,,,
invisibleSHIELD by ZAGG Smudge-Free Screen Protector,Technology,,,,,
Xerox 1905,Office Supplies,,,,,
"Bush Saratoga Collection 5-Shelf Bookcase, Hanover Cherry, *Special Order",Furniture,,,,,
"Ampad Evidence Wirebond Steno Books, 6"" x 9""",Office Supplies,,,,,
Apple iPhone 5C,Technology,,,,,
Newell 351,Office Supplies,,,,,
KI Adjustable-Height Table,Furniture,,,,,
Xerox 1945,Office Supplies,,,,,
Avery 502,Office Supplies,,,,,
Steel Personal Filing/Posting Tote,Office Supplies,,,,,
"Tyvek  Top-Opening Peel & Seel  Envelopes, Gray",Office Supplies,,,,,
Xerox 1896,Office Supplies,,,,,
Cardinal Slant-D Ring Binders,Office Supplies,,,,,
Stockwell Push Pins,Office Supplies,,,,,
Star Micronics TSP800 TSP847IIU Receipt Printer,Technology,,,,,
Hoover Shoulder Vac Commercial Portable Vacuum,Office Supplies,,,,,
Acco Expandable Hanging Binders,Office Supplies,,,,,
Shocksock Galaxy S4 Armband,Technology,,,,,
Brother DCP1000 Digital 3 in 1 Multifunction Machine,Technology,,,,,
"Eldon Regeneration Recycled Desk Accessories, Smoke",Furniture,,,,,
"Crayola Anti Dust Chalk, 12/Pack",Office Supplies,,,,,
"SAFCO Commercial Wire Shelving, 72h",Office Supplies,,,,,
"Chromcraft 48"" x 96"" Racetrack Double Pedestal Table",Furniture,,,,,
Hon Deluxe Fabric Upholstered Stacking Chairs,Furniture,,,,,
"Belkin 325VA UPS Surge Protector, 6'",Office Supplies,,,,,
PowerGen Dual USB Car Charger,Technology,,,,,
"Cardinal HOLDit! Binder Insert Strips,Extra Strips",Office Supplies,,,,,
"C-Line Cubicle Keepers Polyproplyene Holder w/Velcro Back, 8-1/2x11, 25/Bx",Furniture,,,,,
Xerox 1996,Office Supplies,,,,,
Iris Project Case,Office Supplies,,,,,
"Geographics Note Cards, Blank, White, 8 1/2"" x 11""",Office Supplies,,,,,
ACCOHIDE Binder by Acco,Office Supplies,,,,,
"Avery 3 1/2"" Diskette Storage Pages, 10/Pack",Office Supplies,,,,,
Staple-on labels,Office Supplies,,,,,
Harbour Creations Steel Folding Chair,Furniture,,,,,
Wireless Extenders zBoost YX545 SOHO Signal Booster,Technology,,,,,
"OIC #2 Pencils, Medium Soft",Office Supplies,,,,,
Sannysis Cute Owl Design Soft Skin Case Cover for Samsung Galaxy S4,Technology,,,,,
Peel & Stick Add-On Corner Pockets,Office Supplies,,,,,
"Carina 42""Hx23 3/4""W Media Storage Unit",Office Supplies,,,,,
Toshiba IPT2010-SD IP Telephone,Technology,,,,,
GuestStacker Chair with Chrome Finish Legs,Furniture,,,,,
Xerox 1924,Office Supplies,,,,,
Ultra Door Push Plate,Furniture,,,,,
Kensington Orbit Wireless Mobile Trackball for PC and Mac,Technology,,,,,
Global Chrome Stack Chair,Furniture,,,,,
"Sauder Facets Collection Locker/File Cabinet, Sky Alder Finish",Office Supplies,,,,,
Newell 315,Office Supplies,,,,,
Pressboard Data Binders by Wilson Jones,Office Supplies,,,,,
Wilson Jones Standard D-Ring Binders,Office Supplies,,,,,
"Eldon Expressions Punched Metal & Wood Desk Accessories, Pewter & Cherry",Furniture,,,,,
Samsung Galaxy Note 2,Technology,,,,,
GE DSL Phone Line Filter,Technology,,,,,
Carina Media Storage Towers in Natural & Black,Office Supplies,,,,,
Fellowes Econo/Stor Drawers,Office Supplies,,,,,
SANFORD Liquid Accent Tank-Style Highlighters,Office Supplies,,,,,
"Blue String-Tie & Button Interoffice Envelopes, 10 x 13",Office Supplies,,,,,
Canon Imageclass D680 Copier / Fax,Technology,,,,,
24-Hour Round Wall Clock,Furniture,,,,,
Eldon Radial Chair Mat for Low to Medium Pile Carpets,Furniture,,,,,
"Eldon Image Series Desk Accessories, Ebony",Furniture,,,,,
Sanford 52201 APSCO Electric Pencil Sharpener,Office Supplies,,,,,
Samsung Replacement EH64AVFWE Premium Headset,Technology,,,,,
GBC DocuBind P100 Manual Binding Machine,Office Supplies,,,,,
Fashion Color Clasp Envelopes,Office Supplies,,,,,
Hon Non-Folding Utility Tables,Furniture,,,,,
Bestar Classic Bookcase,Furniture,,,,,
Office Star - Contemporary Swivel Chair with Padded Adjustable Arms and Flex Back,Furniture,,,,,
Sanford Pocket Accent Highlighters,Office Supplies,,,,,
Mitel MiVoice 5330e IP Phone,Technology,,,,,
Westinghouse Clip-On Gooseneck Lamps,Furniture,,,,,
Howard Miller Distant Time Traveler Alarm Clock,Furniture,,,,,
Tennsco Double-Tier Lockers,Office Supplies,,,,,
Wilson SignalBoost 841262 DB PRO Amplifier Kit,Technology,,,,,
"XtraLife ClearVue Slant-D Ring Binder, White, 3""",Office Supplies,,,,,
Pencil and Crayon Sharpener,Office Supplies,,,,,
"Ampad Phone Message Book, Recycled, 400 Message Capacity, 5 ¾” x 11”",Office Supplies,,,,,
Fellowes Bankers Box Stor/Drawer Steel Plus,Office Supplies,,,,,
"Performers Binder/Pad Holder, Black",Office Supplies,,,,,
Office Star Flex Back Scooter Chair with White Frame,Furniture,,,,,
Logitech G13 Programmable Gameboard with LCD Display,Technology,,,,,
Panasonic KP-380BK Classic Electric Pencil Sharpener,Office Supplies,,,,,
Memorex Froggy Flash Drive 4 GB,Technology,,,,,
"Maxell 74 Minute CD-R Spindle, 50/Pack",Technology,,,,,
Geemarc AmpliPOWER60,Technology,,,,,
Avery 48,Office Supplies,,,,,
Avery Arch Ring Binders,Office Supplies,,,,,
Xerox 1915,Office Supplies,,,,,
Avery Reinforcements for Hole-Punch Pages,Office Supplies,,,,,
Colorific Watercolor Pencils,Office Supplies,,,,,
BIC Liqua Brite Liner,Office Supplies,,,,,
"ACCOHIDE 3-Ring Binder, Blue, 1""",Office Supplies,,,,,
Xerox 1973,Office Supplies,,,,,
GBC Binding covers,Office Supplies,,,,,
Sauder Cornerstone Collection Library,Furniture,,,,,
"Westinghouse Floor Lamp with Metal Mesh Shade, Black",Furniture,,,,,
Blue Parrot B250XT Professional Grade Wireless Bluetooth Headset with,Technology,,,,,
Belkin 6 Outlet Metallic Surge Strip,Office Supplies,,,,,
Hon Valutask Swivel Chairs,Furniture,,,,,
Avery 517,Office Supplies,,,,,
Avery 477,Office Supplies,,,,,
"Eureka Recycled Copy Paper 8 1/2"" x 11"", Ream",Office Supplies,,,,,
"Seth Thomas 12"" Clock w/ Goldtone Case",Furniture,,,,,
Memorex Froggy Flash Drive 8 GB,Technology,,,,,
Acco 6 Outlet Guardian Premium Surge Suppressor,Office Supplies,,,,,
Avoid Verbal Orders Carbonless Minifold Book,Office Supplies,,,,,
Fellowes Presentation Covers for Comb Binding Machines,Office Supplies,,,,,
Panasonic KP-310 Heavy-Duty Electric Pencil Sharpener,Office Supplies,,,,,
"Holmes Cool Mist Humidifier for the Whole House with 8-Gallon Output per Day, Extended Life Filter",Office Supplies,,,,,
"SAFCO Commercial Wire Shelving, Black",Office Supplies,,,,,
Tensor Computer Mounted Lamp,Furniture,,,,,
Polycom SoundPoint IP 450 VoIP phone,Technology,,,,,
"Rediform S.O.S. 1-Up Phone Message Bk, 4-1/4x3-1/16 Bk, 1 Form/Pg, 40 Messages/Bk, 3/Pk",Office Supplies,,,,,
Cisco CP-7937G Unified IP Conference Station Phone,Technology,,,,,
Boston 16701 Slimline Battery Pencil Sharpener,Office Supplies,,,,,
Avery 494,Office Supplies,,,,,
"Memo Book, 100 Message Capacity, 5 3/8” x 11”",Office Supplies,,,,,
Newell 35,Office Supplies,,,,,
Wilson Jones 14 Line Acrylic Coated Pressboard Data Binders,Office Supplies,,,,,
Avery Non-Stick Heavy Duty View Round Locking Ring Binders,Office Supplies,,,,,
Hanging Personal Folder File,Office Supplies,,,,,
Xerox 1909,Office Supplies,,,,,
"Leather Task Chair, Black",Furniture,,,,,
"It's Hot Message Books with Stickers, 2 3/4"" x 5""",Office Supplies,,,,,
Digium D40 VoIP phone,Technology,,,,,
DYMO CardScan Personal V9 Business Card Scanner,Technology,,,,,
Case Logic 2.4GHz Wireless Keyboard,Technology,,,,,
Logitech Desktop MK120 Mouse and keyboard Combo,Technology,,,,,
"Pressboard Data Binder, Crimson, 12"" X 8 1/2""",Office Supplies,,,,,
"Lesro Round Back Collection Coffee Table, End Table",Furniture,,,,,
Hoover WindTunnel Plus Canister Vacuum,Office Supplies,,,,,
Xerox 1934,Office Supplies,,,,,
Newell 329,Office Supplies,,,,,
Panasonic KX T7731-B Digital phone,Technology,,,,,
"Safco Wire Cube Shelving System, For Use as 4 or 5 14"" Cubes, Black",Office Supplies,,,,,
White Computer Printout Paper by Universal,Office Supplies,,,,,
Revere Boxed Rubber Bands by Revere,Office Supplies,,,,,
"Eldon 200 Class Desk Accessories, Black",Furniture,,,,,
Ames Color-File Green Diamond Border X-ray Mailers,Office Supplies,,,,,
"Bevis Oval Conference Table, Walnut",Furniture,,,,,
Hon 61000 Series Interactive Training Tables,Furniture,,,,,
"Acco PRESSTEX Data Binder with Storage Hooks, Light Blue, 9 1/2"" X 11""",Office Supplies,,,,,
Xerox 217,Office Supplies,,,,,
"Bush Andora Conference Table, Maple/Graphite Gray Finish",Furniture,,,,,
Xerox 189,Office Supplies,,,,,
Panasonic KP-150 Electric Pencil Sharpener,Office Supplies,,,,,
GBC Recycled Regency Composition Covers,Office Supplies,,,,,
"DAX Executive Solid Wood Document Frame, Desktop or Hang, Mahogany, 5 x 7",Furniture,,,,,
ShoreTel ShorePhone IP 230 VoIP phone,Technology,,,,,
Petty Cash Envelope,Office Supplies,,,,,
3M Replacement Filter for Office Air Cleaner for 20' x 33' Room,Office Supplies,,,,,
Samsung Rugby III,Technology,,,,,
"Acco Four Pocket Poly Ring Binder with Label Holder, Smoke, 1""",Office Supplies,,,,,
Canvas Sectional Post Binders,Office Supplies,,,,,
Strathmore Photo Mount Cards,Office Supplies,,,,,
Xerox 203,Office Supplies,,,,,
Plantronics Audio 995 Wireless Stereo Headset,Technology,,,,,
Xerox 1948,Office Supplies,,,,,
Global Super Steno Chair,Furniture,,,,,
OtterBox Defender Series Case - Samsung Galaxy S4,Technology,,,,,
Wilson Jones Suede Grain Vinyl Binders,Office Supplies,,,,,
OtterBox Defender Series Case - iPhone 5c,Technology,,,,,
Wilson Jones DublLock D-Ring Binders,Office Supplies,,,,,
Surelock Post Binders,Office Supplies,,,,,
Hewlett-Packard Deskjet 3050a All-in-One Color Inkjet Printer,Technology,,,,,
Ibico Plastic Spiral Binding Combs,Office Supplies,,,,,
"Iceberg OfficeWorks 42"" Round Tables",Furniture,,,,,
DAX Wood Document Frame,Furniture,,,,,
Wilson Jones Heavy-Duty Casebound Ring Binders with Metal Hinges,Office Supplies,,,,,
Global Executive Mid-Back Manager's Chair,Furniture,,,,,
Xerox 1946,Office Supplies,,,,,
Newell 320,Office Supplies,,,,,
"Eldon Image Series Desk Accessories, Burgundy",Furniture,,,,,
Newell 340,Office Supplies,,,,,
Avery 506,Office Supplies,,,,,
Xerox 192,Office Supplies,,,,,
HP Office Recycled Paper (20Lb. and 87 Bright),Office Supplies,,,,,
X-Rack File for Hanging Folders,Office Supplies,,,,,
Xerox 199,Office Supplies,,,,,
WD My Passport Ultra 500GB Portable External Hard Drive,Technology,,,,,
Cisco IP Phone 7961G-GE VoIP phone,Technology,,,,,
Logitech Trackman Marble Mouse,Technology,,,,,
"Adams Telephone Message Book W/Dividers/Space For Phone Numbers, 5 1/4""X8 1/2"", 300/Messages",Office Supplies,,,,,
Acco Perma 3000 Stacking Storage Drawers,Office Supplies,,,,,
Xerox 197,Office Supplies,,,,,
"iKross Bluetooth Portable Keyboard + Cell Phone Stand Holder + Brush for Apple iPhone 5S 5C 5, 4S 4",Technology,,,,,
Hon 2111 Invitation Series Corner Table,Furniture,,,,,
Lexmark X 9575 Professional All-in-One Color Printer,Technology,,,,,
Ibico Covers for Plastic or Wire Binding Elements,Office Supplies,,,,,
Newell 325,Office Supplies,,,,,
Xerox 1970,Office Supplies,,,,,
12 Colored Short Pencils,Office Supplies,,,,,
"Master Caster Door Stop, Large Neon Orange",Furniture,,,,,
Rubber Band Ball,Office Supplies,,,,,
Loose Memo Sheets,Office Supplies,,,,,
Xerox 1988,Office Supplies,,,,,
"Neat Ideas Personal Hanging Folder Files, Black",Office Supplies,,,,,
Belkin OmniView SE Rackmount Kit,Office Supplies,,,,,
"Rogers Jumbo File, Granite",Office Supplies,,,,,
"Commercial WindTunnel Clean Air Upright Vacuum, Replacement Belts, Filtration Bags",Office Supplies,,,,,
"Tenex Personal Self-Stacking Standard File Box, Black/Gray",Office Supplies,,,,,
Hoover Commercial Soft Guard Upright Vacuum And Disposable Filtration Bags,Office Supplies,,,,,
Avery 481,Office Supplies,,,,,
Newell 310,Office Supplies,,,,,
Newell 319,Office Supplies,,,,,
Avery 518,Office Supplies,,,,,
Sensible Storage WireTech Storage Systems,Office Supplies,,,,,
Kingston Digital DataTraveler 16GB USB 2.0,Technology,,,,,
GBC Imprintable Covers,Office Supplies,,,,,
Newell 347,Office Supplies,,,,,
Pastel Pink Envelopes,Office Supplies,,,,,
Belkin F8E887 USB Wired Ergonomic Keyboard,Technology,,,,,
ARKON Windshield Dashboard Air Vent Car Mount Holder,Technology,,,,,
Xerox 1949,Office Supplies,,,,,
"Conquest 14 Commercial Heavy-Duty Upright Vacuum, Collection System, Accessory Kit",Office Supplies,,,,,
Xerox 1886,Office Supplies,,,,,
"Acco Clips to Go Binder Clips, 24 Clips in Two Sizes",Office Supplies,,,,,
"Dixon Ticonderoga Erasable Colored Pencil Set, 12-Color",Office Supplies,,,,,
Pyle PRT45 Retro Home Telephone,Technology,,,,,
Spiral Phone Message Books with Labels by Adams,Office Supplies,,,,,
Sauder Inglewood Library Bookcases,Furniture,,,,,
Xerox 1901,Office Supplies,,,,,
Acme Elite Stainless Steel Scissors,Office Supplies,,,,,
"Tenex 46"" x 60"" Computer Anti-Static Chairmat, Rectangular Shaped",Furniture,,,,,
Prang Drawing Pencil Set,Office Supplies,,,,,
"BOSTON Ranger #55 Pencil Sharpener, Black",Office Supplies,,,,,
Newell 307,Office Supplies,,,,,
Panasonic KP-4ABK Battery-Operated Pencil Sharpener,Office Supplies,,,,,
Avery Binder Labels,Office Supplies,,,,,
VTech DS6151,Technology,,,,,
V7 USB Numeric Keypad,Technology,,,,,
Peel-Off China Markers,Office Supplies,,,,,
Acco Perma 2700 Stacking Storage Drawers,Office Supplies,,,,,
"Wirebound Message Books, Four 2 3/4 x 5 White Forms per Page",Office Supplies,,,,,
"GE 48"" Fluorescent Tube, Cool White Energy Saver, 34 Watts, 30/Box",Furniture,,,,,
Micro Innovations USB RF Wireless Keyboard with Mouse,Technology,,,,,
Plantronics Savi W720 Multi-Device Wireless Headset System,Technology,,,,,
"Stacking Tray, Side-Loading, Legal, Smoke",Furniture,,,,,
Smead Adjustable Mobile File Trolley with Lockable Top,Office Supplies,,,,,
Jawbone MINI JAMBOX Wireless Bluetooth Speaker,Technology,,,,,
Weyerhaeuser First Choice Laser/Copy Paper (20Lb. and 88 Bright),Office Supplies,,,,,
Canon PC940 Copier,Technology,,,,,
Multicolor Computer Printout Paper,Office Supplies,,,,,
"Brites Rubber Bands, 1 1/2 oz. Box",Office Supplies,,,,,
Catalog Binders with Expanding Posts,Office Supplies,,,,,
Grandstream GXP2100 Mainstream Business Phone,Technology,,,,,
Xerox 1940,Office Supplies,,,,,
Xerox 1986,Office Supplies,,,,,
Binder Clips by OIC,Office Supplies,,,,,
"Wilson Jones 1"" Hanging DublLock Ring Binders",Office Supplies,,,,,
RCA Visys Integrated PBX 8-Line Router,Technology,,,,,
GBC VeloBind Cover Sets,Office Supplies,,,,,
Colored Push Pins,Office Supplies,,,,,
Logitech G105 Gaming Keyboard,Technology,,,,,
Xerox 1925,Office Supplies,,,,,
QVS USB Car Charger 2-Port 2.1Amp for iPod/iPhone/iPad/iPad 2/iPad 3,Technology,,,,,
DAX Natural Wood-Tone Poster Frame,Furniture,,,,,
StarTech.com 10/100 VDSL2 Ethernet Extender Kit,Technology,,,,,
"Acco Smartsocket Table Surge Protector, 6 Color-Coded Adapter Outlets",Office Supplies,,,,,
GBC ProClick Spines for 32-Hole Punch,Office Supplies,,,,,
Memorex Mini Travel Drive 4 GB USB 2.0 Flash Drive,Technology,,,,,
Memorex Micro Travel Drive 16 GB,Technology,,,,,
Avery 497,Office Supplies,,,,,
Avery 500,Office Supplies,,,,,
"""While you Were Out"" Message Book, One Form per Page",Office Supplies,,,,,
Rediform Voice Mail Log Books,Office Supplies,,,,,
O'Sullivan Manor Hill 2-Door Library in Brianna Oak,Furniture,,,,,
Nu-Dell Float Frame 11 x 14 1/2,Furniture,,,,,
Logitech G600 MMO Gaming Mouse,Technology,,,,,
"Sauder Facets Collection Library, Sky Alder Finish",Furniture,,,,,
Avanti 4.4 Cu. Ft. Refrigerator,Office Supplies,,,,,
Hoover Replacement Belt for Commercial Guardsman Heavy-Duty Upright Vacuum,Office Supplies,,,,,
Fellowes Advanced 8 Outlet Surge Suppressor with Phone/Fax Protection,Office Supplies,,,,,
"SAFCO PlanMaster Heigh-Adjustable Drafting Table Base, 43w x 30d x 30-37h, Black",Furniture,,,,,
White GlueTop Scratch Pads,Office Supplies,,,,,
Holmes HEPA Air Purifier,Office Supplies,,,,,
"TRENDnet 56K USB 2.0 Phone, Internet and Fax Modem",Technology,,,,,
Xerox 231,Office Supplies,,,,,
Hon 2111 Invitation Series Straight Table,Furniture,,,,,
Xerox 1962,Office Supplies,,,,,
Wilson Electronics DB Pro Signal Booster,Technology,,,,,
"Sauder Camden County Barrister Bookcase, Planked Cherry Finish",Furniture,,,,,
"DXL Angle-View Binders with Locking Rings, Black",Office Supplies,,,,,
"Sauder Camden County Collection Libraries, Planked Cherry Finish",Furniture,,,,,
Advantus Panel Wall Certificate Holder - 8.5x11,Furniture,,,,,
Avery 478,Office Supplies,,,,,
"Acco Data Flex Cable Posts For Top & Bottom Load Binders, 6"" Capacity",Office Supplies,,,,,
Recycled Steel Personal File for Standard File Folders,Office Supplies,,,,,
Blackstonian Pencils,Office Supplies,,,,,
Xerox 1919,Office Supplies,,,,,
Tops Wirebound Message Log Books,Office Supplies,,,,,
AT&T CL82213,Technology,,,,,
Maxell LTO Ultrium - 800 GB,Technology,,,,,
Office Star - Professional Matrix Back Chair with 2-to-1 Synchro Tilt and Mesh Fabric Seat,Furniture,,,,,
"Hunt BOSTON Vista Battery-Operated Pencil Sharpener, Black",Office Supplies,,,,,
GE 30522EE2,Technology,,,,,
"Ink Jet Note and Greeting Cards, 8-1/2"" x 5-1/2"" Card Size",Office Supplies,,,,,
Logitech Wireless Marathon Mouse M705,Technology,,,,,
Mediabridge Sport Armband iPhone 5s,Technology,,,,,
DAX Cubicle Frames - 8x10,Furniture,,,,,
Xerox 1929,Office Supplies,,,,,
Avery 501,Office Supplies,,,,,
Avery 513,Office Supplies,,,,,
Harmony Air Purifier,Office Supplies,,,,,
"Electrix Incandescent Magnifying Lamp, Black",Furniture,,,,,
Honeywell Enviracaire Portable Air Cleaner for up to 8 x 10 Room,Office Supplies,,,,,
"Global Stack Chair with Arms, Black",Furniture,,,,,
Xerox 206,Office Supplies,,,,,
"Seth Thomas 14"" Day/Date Wall Clock",Furniture,,,,,
Samsung Galaxy S4 Mini,Technology,,,,,
Apple iPhone 5,Technology,,,,,
Polycom VVX 310 VoIP phone,Technology,,,,,
Bady BDG101FRU Card Printer,Technology,,,,,
Xerox 1998,Office Supplies,,,,,
Honeywell Quietcare HEPA Air Cleaner,Office Supplies,,,,,
Hon Olson Stacker Stools,Furniture,,,,,
"Dana Fluorescent Magnifying Lamp, White, 36""",Furniture,,,,,
Flat Face Poster Frame,Furniture,,,,,
"Multi-Use Personal File Cart and Caster Set, Three Stacking Bins",Office Supplies,,,,,
Xerox 1981,Office Supplies,,,,,
Tops White Computer Printout Paper,Office Supplies,,,,,
"Wilson Jones Elliptical Ring 3 1/2"" Capacity Binders, 800 sheets",Office Supplies,,,,,
Classic Ivory Antique Telephone ZL1810,Technology,,,,,
"Sauder Forest Hills Library with Doors, Woodland Oak Finish",Furniture,,,,,
"Executive Impressions 8-1/2"" Career Panel/Partition Cubicle Clock",Furniture,,,,,
Jabra SPEAK 410 Multidevice Speakerphone,Technology,,,,,
Xerox 211,Office Supplies,,,,,
Tennsco Industrial Shelving,Office Supplies,,,,,
Newell 334,Office Supplies,,,,,
"Hon 30"" x 60"" Table with Locking Drawer",Furniture,,,,,
Safco Drafting Table,Furniture,,,,,
Avery 510,Office Supplies,,,,,
Ultra Door Pull Handle,Furniture,,,,,
Avery Hi-Liter Fluorescent Desk Style Markers,Office Supplies,,,,,
"IBM Multi-Purpose Copy Paper, 8 1/2 x 11"", Case",Office Supplies,,,,,
Newell 309,Office Supplies,,,,,
GBC DocuBind TL300 Electric Binding System,Office Supplies,,,,,
Jiffy Padded Mailers with Self-Seal Closure,Office Supplies,,,,,
GBC DocuBind 200 Manual Binding Machine,Office Supplies,,,,,
"SKILCRAFT Telephone Shoulder Rest, 2"" x 6.5"" x 2.5"", Black",Technology,,,,,
Global Comet Stacking Armless Chair,Furniture,,,,,
Pressboard Hanging Data Binders for Unburst Sheets,Office Supplies,,,,,
Hand-Finished Solid Wood Document Frame,Furniture,,,,,
"DAX Charcoal/Nickel-Tone Document Frame, 5 x 7",Furniture,,,,,
Xerox 1891,Office Supplies,,,,,
Hewlett-Packard Deskjet 5550 Printer,Technology,,,,,
Avery 474,Office Supplies,,,,,
Panasonic KX T7736-B Digital phone,Technology,,,,,
GBC DocuBind TL200 Manual Binding Machine,Office Supplies,,,,,
Global Commerce Series Low-Back Swivel/Tilt Chairs,Furniture,,,,,
Cisco SPA 502G IP Phone,Technology,,,,,
Avaya 4621SW VoIP phone,Technology,,,,,
Xerox 214,Office Supplies,,,,,
Motorola Moto X,Technology,,,,,
O'Sullivan 2-Shelf Heavy-Duty Bookcases,Furniture,,,,,
Enermax Briskie RF Wireless Keyboard and Mouse Combo,Technology,,,,,
GBC Twin Loop Wire Binding Elements,Office Supplies,,,,,
"Perma STOR-ALL Hanging File Box, 13 1/8""W x 12 1/4""D x 10 1/2""H",Office Supplies,,,,,
BIC Brite Liner Grip Highlighters,Office Supplies,,,,,
WD My Passport Ultra 2TB Portable External Hard Drive,Technology,,,,,
"Holmes Replacement Filter for HEPA Air Cleaner, Medium Room",Office Supplies,,,,,
Imation Clip USB flash drive - 8 GB,Technology,,,,,
Newell 3-Hole Punched Plastic Slotted Magazine Holders for Binders,Office Supplies,,,,,
Acco 6 Outlet Guardian Standard Surge Suppressor,Office Supplies,,,,,
"Acme Hot Forged Carbon Steel Scissors with Nickel-Plated Handles, 3 7/8"" Cut, 8""L",Office Supplies,,,,,
Avery Heavy-Duty EZD View Binder with Locking Rings,Office Supplies,,,,,
Belkin Standard 104 key USB Keyboard,Technology,,,,,
Avaya IP Phone 1140E VoIP phone,Technology,,,,,
"Global Wood Trimmed Manager's Task Chair, Khaki",Furniture,,,,,
Newell 321,Office Supplies,,,,,
Jabra Supreme Plus Driver Edition Headset,Technology,,,,,
Binder Posts,Office Supplies,,,,,
Bevis Round Conference Table Top & Single Column Base,Furniture,,,,,
Xerox 1978,Office Supplies,,,,,
"Eldon Spacemaker Box, Quick-Snap Lid, Clear",Office Supplies,,,,,
Plymouth Boxed Rubber Bands by Plymouth,Office Supplies,,,,,
3.6 Cubic Foot Counter Height Office Refrigerator,Office Supplies,,,,,
"O'Sullivan Elevations Bookcase, Cherry Finish",Furniture,,,,,
Eldon ProFile File 'N Store Portable File Tub Letter/Legal Size Black,Office Supplies,,,,,
Southworth Parchment Paper & Envelopes,Office Supplies,,,,,
"Tennsco Lockers, Sand",Office Supplies,,,,,
Xerox 1922,Office Supplies,,,,,
GBC Personal VeloBind Strips,Office Supplies,,,,,
Novimex Fabric Task Chair,Furniture,,,,,
"Master Big Foot Doorstop, Beige",Furniture,,,,,
Microsoft Wireless Mobile Mouse 4000,Technology,,,,,
"Letter/Legal File Tote with Clear Snap-On Lid, Black Granite",Office Supplies,,,,,
"Avery Framed View Binder, EZD Ring (Locking), Navy, 1 1/2""",Office Supplies,,,,,
Xerox 1952,Office Supplies,,,,,
"Fellowes Twister Kit, Gray/Clear, 3/pkg",Office Supplies,,,,,
Plantronics Audio 478 Stereo USB Headset,Technology,,,,,
Hon 94000 Series Round Tables,Furniture,,,,,
Anker Ultra-Slim Mini Bluetooth 3.0 Wireless Keyboard,Technology,,,,,
"Plantronics CS 50-USB - headset - Convertible, Monaural",Technology,,,,,
Computer Printout Paper with Letter-Trim Perforations,Office Supplies,,,,,
Avery 52,Office Supplies,,,,,
Translucent Push Pins by OIC,Office Supplies,,,,,
Avery 507,Office Supplies,,,,,
Newell 349,Office Supplies,,,,,
GBC DocuBind P50 Personal Binding Machine,Office Supplies,,,,,
Boston KS Multi-Size Manual Pencil Sharpener,Office Supplies,,,,,
Tennsco 6- and 18-Compartment Lockers,Office Supplies,,,,,
Xerox 1888,Office Supplies,,,,,
Newell 308,Office Supplies,,,,,
Polycom SoundStation2 EX Conference phone,Technology,,,,,
Mobile Personal File Cube,Office Supplies,,,,,
DMI Eclipse Executive Suite Bookcases,Furniture,,,,,
Quality Park Security Envelopes,Office Supplies,,,,,
"Belkin SportFit Armband For iPhone 5s/5c, Fuchsia",Technology,,,,,
"DataProducts Ampli Magnifier Task Lamp, Black,",Furniture,,,,,
Acco 6 Outlet Guardian Basic Surge Suppressor,Office Supplies,,,,,
"Sanford Colorific Scented Colored Pencils, 12/Pack",Office Supplies,,,,,
"Message Book, Phone, Wirebound Standard Line Memo, 2 3/4"" X 5""",Office Supplies,,,,,
Motorla HX550 Universal Bluetooth Headset,Technology,,,,,
"Eldon Expressions Wood Desk Accessories, Oak",Furniture,,,,,
Acme Office Executive Series Stainless Steel Trimmers,Office Supplies,,,,,
"Chromcraft Bull-Nose Wood 48"" x 96"" Rectangular Conference Tables",Furniture,,,,,
Spigen Samsung Galaxy S5 Case Wallet,Technology,,,,,
Newell 33,Office Supplies,,,,,
Panasonic KP-350BK Electric Pencil Sharpener with Auto Stop,Office Supplies,,,,,
Array Memo Cubes,Office Supplies,,,,,
Wilson Jones data.warehouse D-Ring Binders with DublLock,Office Supplies,,,,,
Xerox 1982,Office Supplies,,,,,
Hon Mobius Operator's Chair,Furniture,,,,,
Fellowes Mighty 8 Compact Surge Protector,Office Supplies,,,,,
Harmony HEPA Quiet Air Purifiers,Office Supplies,,,,,
"Howard Miller 16"" Diameter Gallery Wall Clock",Furniture,,,,,
"Eldon Executive Woodline II Desk Accessories, Mahogany",Furniture,,,,,
"Boston Model 1800 Electric Pencil Sharpener, Gray",Office Supplies,,,,,
Polycom SoundPoint Pro SE-225 Corded phone,Technology,,,,,
Euro-Pro Shark Turbo Vacuum,Office Supplies,,,,,
"Metal Folding Chairs, Beige, 4/Carton",Furniture,,,,,
Nontoxic Chalk,Office Supplies,,,,,
Xerox 1991,Office Supplies,,,,,
"Atlantic Metals Mobile 2-Shelf Bookcases, Custom Colors",Furniture,,,,,
Fellowes Advanced Computer Series Surge Protectors,Office Supplies,,,,,
Recycled Steel Personal File for Hanging File Folders,Office Supplies,,,,,
HTC One,Technology,,,,,
Manco Dry-Lighter Erasable Highlighter,Office Supplies,,,,,
Fiskars Home & Office Scissors,Office Supplies,,,,,
Eldon Cleatmat Chair Mats for Medium Pile Carpets,Furniture,,,,,
Avery Self-Adhesive Photo Pockets for Polaroid Photos,Office Supplies,,,,,
Xerox 1959,Office Supplies,,,,,
Kensington 6 Outlet MasterPiece HOMEOFFICE Power Control Center,Office Supplies,,,,,
Xerox 22,Office Supplies,,,,,
Wi-Ex zBoost YX540 Cellular Phone Signal Booster,Technology,,,,,
"Wirebound Message Books, Four 2 3/4"" x 5"" Forms per Page, 600 Sets per Book",Office Supplies,,,,,
Logitech diNovo Edge Keyboard,Technology,,,,,
Xerox 1989,Office Supplies,,,,,
Xerox 1984,Office Supplies,,,,,
Xerox 227,Office Supplies,,,,,
Fellowes Bases and Tops For Staxonsteel/High-Stak Systems,Office Supplies,,,,,
Deflect-o Glass Clear Studded Chair Mats,Furniture,,,,,
Canon PC1060 Personal Laser Copier,Technology,,,,,
Bevis Round Conference Room Tables and Bases,Furniture,,,,,
Xerox 1965,Office Supplies,,,,,
Bionaire 99.97% HEPA Air Cleaner,Office Supplies,,,,,
"Eureka Sanitaire  Multi-Pro Heavy-Duty Upright, Disposable Bags",Office Supplies,,,,,
Balt Solid Wood Round Tables,Furniture,,,,,
Plantronics MX500i Earset,Technology,,,,,
Logitech G35 7.1-Channel Surround Sound Headset,Technology,,,,,
Imation Secure Drive + Hardware Encrypted USB flash drive - 16 GB,Technology,,,,,
Wausau Papers Astrobrights Colored Envelopes,Office Supplies,,,,,
Tenex Antistatic Computer Chair Mats,Furniture,,,,,
"REDIFORM Incoming/Outgoing Call Register, 11"" X 8 1/2"", 100 Messages",Office Supplies,,,,,
Tripp Lite Isotel 6 Outlet Surge Protector with Fax/Modem Protection,Office Supplies,,,,,
Xerox 1994,Office Supplies,,,,,
Nu-Dell Executive Frame,Furniture,,,,,
Belkin 5 Outlet SurgeMaster Power Centers,Office Supplies,,,,,
"TOPS Carbonless Receipt Book, Four 2-3/4 x 7-1/4 Money Receipts per Page",Office Supplies,,,,,
Insertable Tab Indexes For Data Binders,Office Supplies,,,,,
Satellite Sectional Post Binders,Office Supplies,,,,,
Memorex Micro Travel Drive 32 GB,Technology,,,,,
Lexmark S315 Color Inkjet Printer,Technology,,,,,
Xerox 1926,Office Supplies,,,,,
Xerox 1918,Office Supplies,,,,,
SpineVue Locking Slant-D Ring Binders by Cardinal,Office Supplies,,,,,
"Eureka The Boss Lite 10-Amp Upright Vacuum, Blue",Office Supplies,,,,,
"Global Leather & Oak Executive Chair, Burgundy",Furniture,,,,,
"Rubbermaid ClusterMat Chairmats, Mat Size- 66"" x 60"", Lip 20"" x 11"" -90 Degree Angle",Furniture,,,,,
"Dixon Ticonderoga Maple Cedar Pencil, #2",Office Supplies,,,,,
Acco Hot Clips Clips to Go,Office Supplies,,,,,
Acme Kleencut Forged Steel Scissors,Office Supplies,,,,,
Xerox 1951,Office Supplies,,,,,
DAX Solid Wood Frames,Furniture,,,,,
Acco Smartsocket Color-Coded Six-Outlet AC Adapter Model Surge Protectors,Office Supplies,,,,,
Clearsounds A400,Technology,,,,,
Hewlett Packard 310 Color Digital Copier,Technology,,,,,
Recycled Premium Regency Composition Covers,Office Supplies,,,,,
Xerox 219,Office Supplies,,,,,
Xerox 1903,Office Supplies,,,,,
Logitech VX Revolution Cordless Laser Mouse for Notebooks (Black),Technology,,,,,
O'Sullivan Plantations 2-Door Library in Landvery Oak,Furniture,,,,,
Panasonic KX-TG9541B DECT 6.0 Digital 2-Line Expandable Cordless Phone With Digital Answering System,Technology,,,,,
Panasonic KX MB2061 Multifunction Printer,Technology,,,,,
Razer Kraken 7.1 Surround Sound Over Ear USB Gaming Headset,Technology,,,,,
Hon Rectangular Conference Tables,Furniture,,,,,
Computer Printout Index Tabs,Office Supplies,,,,,
GBC Wire Binding Combs,Office Supplies,,,,,
"Iceberg Nesting Folding Chair, 19w x 6d x 43h",Furniture,,,,,
Honeywell Enviracaire Portable HEPA Air Cleaner for 16' x 20' Room,Office Supplies,,,,,
Bevis Rectangular Conference Tables,Furniture,,,,,
Ampad #10 Peel & Seel Holiday Envelopes,Office Supplies,,,,,
Cardinal Holdit Data Disk Pockets,Office Supplies,,,,,
Avery 496,Office Supplies,,,,,
"Black Print Carbonless Snap-Off Rapid Letter, 8 1/2"" x 7""",Office Supplies,,,,,
Xerox 23,Office Supplies,,,,,
Eldon Pizzaz Desk Accessories,Furniture,,,,,
"Sauder Forest Hills Library, Woodland Oak Finish",Furniture,,,,,
Global Deluxe High-Back Office Chair in Storm,Furniture,,,,,
Kensington K72356US Mouse-in-a-Box USB Desktop Mouse,Technology,,,,,
Avery 50,Office Supplies,,,,,
Fiskars Spring-Action Scissors,Office Supplies,,,,,
Anker 24W Portable Micro USB Car Charger,Technology,,,,,
"SAFCO Mobile Desk Side File, Wire Frame",Office Supplies,,,,,
Newell 313,Office Supplies,,,,,
Jawbone JAMBOX Wireless Bluetooth Speaker,Technology,,,,,
Xerox 1895,Office Supplies,,,,,
"#10 White Business Envelopes,4 1/8 x 9 1/2",Office Supplies,,,,,
High Speed Automatic Electric Letter Opener,Office Supplies,,,,,
Belkin 8 Outlet Surge Protector,Office Supplies,,,,,
Panasonic KX TS3282B Corded phone,Technology,,,,,
"Tennsco Snap-Together Open Shelving Units, Starter Sets and Add-On Units",Office Supplies,,,,,
Avery 49,Office Supplies,,,,,
Hoover Upright Vacuum With Dirt Cup,Office Supplies,,,,,
Maxell 4.7GB DVD-RW 3/Pack,Technology,,,,,
Nortel Meridian M5316 Digital phone,Technology,,,,,
"Bush Westfield Collection Bookcases, Dark Cherry Finish",Furniture,,,,,
"3M Polarizing Task Lamp with Clamp Arm, Light Gray",Furniture,,,,,
HTC One Mini,Technology,,,,,
Dell Slim USB Multimedia Keyboard,Technology,,,,,
Contemporary Wood/Metal Frame,Furniture,,,,,
O'Sullivan Living Dimensions 3-Shelf Bookcases,Furniture,,,,,
KeyTronic KT800P2 - Keyboard - Black,Technology,,,,,
GBC Standard Plastic Binding Systems' Combs,Office Supplies,,,,,
Holmes Harmony HEPA Air Purifier for 17 x 20 Room,Office Supplies,,,,,
"GE General Use Halogen Bulbs, 100 Watts, 1 Bulb per Pack",Furniture,,,,,
Macally Suction Cup Mount,Technology,,,,,
Eldon Image Series Black Desk Accessories,Furniture,,,,,
"Executive Impressions 14""",Furniture,,,,,
"Executive Impressions 12"" Wall Clock",Furniture,,,,,
Bretford CR8500 Series Meeting Room Furniture,Furniture,,,,,
Plantronics Calisto P620-M USB Wireless Speakerphone System,Technology,,,,,
Hammermill CopyPlus Copy Paper (20Lb. and 84 Bright),Office Supplies,,,,,
Panasonic KX MC6040 Color Laser Multifunction Printer,Technology,,,,,
Berol Giant Pencil Sharpener,Office Supplies,,,,,
KeyTronic KT400U2 - Keyboard - Black,Technology,,,,,
Avery 498,Office Supplies,,,,,
Canon imageCLASS 2200 Advanced Copier,Technology,,,,,
Epson TM-T88V Direct Thermal Printer - Monochrome - Desktop,Technology,,,,,
Accohide Poly Flexible Ring Binders,Office Supplies,,,,,
SAFCO Optional Arm Kit for Workspace Cribbage Stacking Chair,Furniture,,,,,
Stackable Trays,Furniture,,,,,
"TOPS Voice Message Log Book, Flash Format",Office Supplies,,,,,
Boston 1730 StandUp Electric Pencil Sharpener,Office Supplies,,,,,
"Executive Impressions 13"" Clairmont Wall Clock",Furniture,,,,,
"GBC Laser Imprintable Binding System Covers, Desert Sand",Office Supplies,,,,,
Xerox 2000,Office Supplies,,,,,
Green Bar Computer Printout Paper,Office Supplies,,,,,
"Global Adaptabilites Bookcase, Cherry/Storm Gray Finish",Furniture,,,,,
"GBC Pre-Punched Binding Paper, Plastic, White, 8-1/2"" x 11""",Office Supplies,,,,,
Google Nexus 5,Technology,,,,,
Global Italian Leather Office Chair,Furniture,,,,,
Advantus Motivational Note Cards,Office Supplies,,,,,
"Avery Flip-Chart Easel Binder, Black",Office Supplies,,,,,
I.R.I.S IRISCard Anywhere 5 Card Scanner,Technology,,,,,
"Ativa D5772 2-Line 5.8GHz Digital Expandable Corded/Cordless Phone System with Answering & Caller ID/Call Waiting, Black/Silver",Technology,,,,,
Ibico Presentation Index for Binding Systems,Office Supplies,,,,,
"Adams ""While You Were Out"" Message Pads",Office Supplies,,,,,
"Wirebound Four 2-3/4 x 5 Forms per Page, 400 Sets per Book",Office Supplies,,,,,
AT&T 17929 Lendline Telephone,Technology,,,,,
Hewlett-Packard Deskjet 6540 Color Inkjet Printer,Technology,,,,,
Cisco TelePresence System EX90 Videoconferencing Unit,Technology,,,,,
Avery Fluorescent Highlighter Four-Color Set,Office Supplies,,,,,
Xerox 1944,Office Supplies,,,,,
Xerox 215,Office Supplies,,,,,
Xerox 1885,Office Supplies,,,,,
"Computer Room Manger, 14""",Furniture,,,,,
AT&T CL2909,Technology,,,,,
Plantronics Voyager Pro HD - Bluetooth Headset,Technology,,,,,
AT&T EL51110 DECT,Technology,,,,,
BlackBerry Q10,Technology,,,,,
Compact Automatic Electric Letter Opener,Office Supplies,,,,,
SanDisk Ultra 16 GB MicroSDHC Class 10 Memory Card,Technology,,,,,
SanDisk Cruzer 8 GB USB Flash Drive,Technology,,,,,
"Hon Deluxe Fabric Upholstered Stacking Chairs, Squared Back",Furniture,,,,,
Advantus Rolling Drawer Organizers,Office Supplies,,,,,
Maxell 4.7GB DVD-R 5/Pack,Technology,,,,,
GBC Plasticlear Binding Covers,Office Supplies,,,,,
Plastic Stacking Crates & Casters,Office Supplies,,,,,
Belkin F9M820V08 8 Outlet Surge,Office Supplies,,,,,
APC 7 Outlet Network SurgeArrest Surge Protector,Office Supplies,,,,,
Maxell 4.7GB DVD+R 5/Pack,Technology,,,,,
Anker Astro Mini 3000mAh Ultra-Compact Portable Charger,Technology,,,,,
Advantus Map Pennant Flags and Round Head Tacks,Office Supplies,,,,,
Xerox 1953,Office Supplies,,,,,
Xerox 228,Office Supplies,,,,,
"Advantus Employee of the Month Certificate Frame, 11 x 13-1/2",Furniture,,,,,
Xerox 1954,Office Supplies,,,,,
Embossed Ink Jet Note Cards,Office Supplies,,,,,
Xerox 1942,Office Supplies,,,,,
"Carina Mini System Audio Rack, Model AR050B",Office Supplies,,,,,
Xerox 201,Office Supplies,,,,,
"Eldon Expressions Punched Metal & Wood Desk Accessories, Black & Cherry",Furniture,,,,,
"GE 4 Foot Flourescent Tube, 40 Watt",Furniture,,,,,
Nokia Lumia 925,Technology,,,,,
Dana Swing-Arm Lamps,Furniture,,,,,
"Wirebound Message Books, Four 2 3/4 x 5 Forms per Page, 200 Sets per Book",Office Supplies,,,,,
Xerox 1969,Office Supplies,,,,,
"Eldon 200 Class Desk Accessories, Smoke",Furniture,,,,,
"Dual Level, Single-Width Filing Carts",Office Supplies,,,,,
Xerox 1971,Office Supplies,,,,,
Boston 16750 Black Compact Battery Pencil Sharpener,Office Supplies,,,,,
"Eberhard Faber 3 1/2"" Golf Pencils",Office Supplies,,,,,
"Tenex Carpeted, Granite-Look or Clear Contemporary Contour Shape Chair Mats",Furniture,,,,,
Global Highback Leather Tilter in Burgundy,Furniture,,,,,
"Executive Impressions 13-1/2"" Indoor/Outdoor Wall Clock",Furniture,,,,,
"Eldon 400 Class Desk Accessories, Black Carbon",Furniture,,,,,
"Wilson Jones Clip & Carry Folder Binder Tool for Ring Binders, Clear",Office Supplies,,,,,
Harbour Creations 67200 Series Stacking Chairs,Furniture,,,,,
"Tenex V2T-RE Standard Weight Series Chair Mat, 45"" x 53"", Lip 25"" x 12""",Furniture,,,,,
Samsung Galaxy Mega 6.3,Technology,,,,,
"DAX Two-Tone Rosewood/Black Document Frame, Desktop, 5 x 7",Furniture,,,,,
Xerox 198,Office Supplies,,,,,
"Safco Chair Connectors, 6/Carton",Furniture,,,,,
Xerox 1997,Office Supplies,,,,,
Eldon Expressions Mahogany Wood Desk Collection,Furniture,,,,,
VariCap6 Expandable Binder,Office Supplies,,,,,
Stacking Trays by OIC,Furniture,,,,,
Epson Perfection V600 Photo Scanner,Technology,,,,,
Durable Pressboard Binders,Office Supplies,,,,,
Kensington 7 Outlet MasterPiece Power Center with Fax/Phone Line Protection,Office Supplies,,,,,
Alliance Rubber Bands,Office Supplies,,,,,
"SlimView Poly Binder, 3/8""",Office Supplies,,,,,
"Boston Electric Pencil Sharpener, Model 1818, Charcoal Black",Office Supplies,,,,,
DAX Clear Channel Poster Frame,Furniture,,,,,
#10 Self-Seal White Envelopes,Office Supplies,,,,,
Hon Pagoda Stacking Chairs,Furniture,,,,,
Newell 339,Office Supplies,,,,,
36X48 HARDFLOOR CHAIRMAT,Furniture,,,,,
Anderson Hickey Conga Table Tops & Accessories,Furniture,,,,,
Apple EarPods with Remote and Mic,Technology,,,,,
"Perixx PERIBOARD-512B, Ergonomic Split Keyboard",Technology,,,,,
Logitech Wireless Headset H600 Over-The-Head Design,Technology,,,,,
Xerox 230,Office Supplies,,,,,
Eldon Econocleat Chair Mats for Low Pile Carpets,Furniture,,,,,
Vtech CS6719,Technology,,,,,
Xerox 194,Office Supplies,,,,,
"Bush Cubix Collection Bookcases, Fully Assembled",Furniture,,,,,
"Universal Recycled Hanging Pressboard Report Binders, Letter Size",Office Supplies,,,,,
Xerox 1980,Office Supplies,,,,,
Strathmore Photo Frame Cards,Office Supplies,,,,,
Okidata C331dn Printer,Technology,,,,,
"Seth Thomas 8 1/2"" Cubicle Clock",Furniture,,,,,
Aastra 6757i CT Wireless VoIP phone,Technology,,,,,
Xerox 1907,Office Supplies,,,,,
G.E. Longer-Life Indoor Recessed Floodlight Bulbs,Furniture,,,,,
Panasonic KX TS3282W Corded phone,Technology,,,,,
"Global Leather and Oak Executive Chair, Black",Furniture,,,,,
Cubify CubeX 3D Printer Double Head Print,Technology,,,,,
Ibico Ibimaster 300 Manual Binding System,Office Supplies,,,,,
Wilson Jones Impact Binders,Office Supplies,,,,,
Newell 34,Office Supplies,,,,,
Polycom CX300 Desktop Phone USB VoIP phone,Technology,,,,,
Boston 1799 Powerhouse Electric Pencil Sharpener,Office Supplies,,,,,
Wilson Jones Four-Pocket Poly Binders,Office Supplies,,,,,
Sterilite Show Offs Storage Containers,Office Supplies,,,,,
"Alliance Super-Size Bands, Assorted Sizes",Office Supplies,,,,,
"BlueLounge Milo Smartphone Stand, White/Metallic",Technology,,,,,
Avery White Multi-Purpose Labels,Office Supplies,,,,,
Logitech G500s Laser Gaming Mouse with Adjustable Weight Tuning,Technology,,,,,
Letter or Legal Size Expandable Poly String Tie Envelopes,Office Supplies,,,,,
Stiletto Hand Letter Openers,Office Supplies,,,,,
Tennsco Commercial Shelving,Office Supplies,,,,,
Samsung HM1900 Bluetooth Headset,Technology,,,,,
Cisco SPA112 2 Port Phone Adapter,Technology,,,,,
Col-Erase Pencils with Erasers,Office Supplies,,,,,
Xerox 221,Office Supplies,,,,,
Plantronics Encore H101 Dual Earpieces Headset,Technology,,,,,
Disposable Triple-Filter Dust Bags,Office Supplies,,,,,
Memorex Mini Travel Drive 64 GB USB 2.0 Flash Drive,Technology,,,,,
Fellowes Powershred HS-440 4-Sheet High Security Shredder,Technology,,,,,
Motorola Droid Maxx,Technology,,,,,
Xerox 1893,Office Supplies,,,,,
Kensington Expert Mouse Optical USB Trackball for PC or Mac,Technology,,,,,
"Master Caster Door Stop, Gray",Furniture,,,,,
Tenex Chairmats For Use with Hard Floors,Furniture,,,,,
"Acco Flexible ACCOHIDE Square Ring Data Binder, Dark Blue, 11 1/2"" X 14"" 7/8""",Office Supplies,,,,,
Fellowes Command Center 5-outlet power strip,Office Supplies,,,,,
"Rush Hierlooms Collection 1"" Thick Stackable Bookcases",Furniture,,,,,
"Barricks 18"" x 48"" Non-Folding Utility Table with Bottom Storage Shelf",Furniture,,,,,
"Executive Impressions 10"" Spectator Wall Clock",Furniture,,,,,
"Hon Metal Bookcases, Putty",Furniture,,,,,
"Tenex Personal Filing Tote With Secure Closure Lid, Black/Frost",Office Supplies,,,,,
Xerox 1900,Office Supplies,,,,,
OIC Stacking Trays,Furniture,,,,,
"Global Armless Task Chair, Royal Blue",Furniture,,,,,
Eldon Executive Woodline II Cherry Finish Desk Accessories,Furniture,,,,,
"Message Book, Wirebound, Four 5 1/2"" X 4"" Forms/Pg., 200 Dupl. Sets/Book",Office Supplies,,,,,
"Tenex Traditional Chairmats for Hard Floors, Average Lip, 36"" x 48""",Furniture,,,,,
Polycom VoiceStation 500 Conference phone,Technology,,,,,
"Binney & Smith inkTank Desk Highlighter, Chisel Tip, Yellow, 12/Box",Office Supplies,,,,,
"Speediset Carbonless Redi-Letter 7"" x 8 1/2""",Office Supplies,,,,,
Xerox 204,Office Supplies,,,,,
KeyTronic E03601U1 - Keyboard - Beige,Technology,,,,,
Imation Bio 2GB USB Flash Drive Imation Corp,Technology,,,,,
"Hon Metal Bookcases, Black",Furniture,,,,,
"Bush Birmingham Collection Bookcase, Dark Cherry",Furniture,,,,,
AT&T 1080 Phone,Technology,,,,,
Avery Metallic Poly Binders,Office Supplies,,,,,
Ativa MDM8000 8-Sheet Micro-Cut Shredder,Technology,,,,,
Acco 6 Outlet Guardian Premium Plus Surge Suppressor,Office Supplies,,,,,
Smead Alpha-Z Color-Coded Name Labels First Letter Starter Set,Office Supplies,,,,,
Ooma Telo VoIP Home Phone System,Technology,,,,,
"Telephone Message Books with Fax/Mobile Section, 4 1/4"" x 6""",Office Supplies,,,,,
Xerox 200,Office Supplies,,,,,
Okidata MB491 Multifunction Printer,Technology,,,,,
Akro Stacking Bins,Office Supplies,,,,,
"Avery Hi-Liter Comfort Grip Fluorescent Highlighter, Yellow Ink",Office Supplies,,,,,
Rosewill 107 Normal Keys USB Wired Standard Keyboard,Technology,,,,,
PayAnywhere Card Reader,Technology,,,,,
Xerox 1882,Office Supplies,,,,,
"Memorex 25GB 6X Branded Blu-Ray Recordable Disc, 30/Pack",Technology,,,,,
Boston Home & Office Model 2000 Electric Pencil Sharpeners,Office Supplies,,,,,
Newell 31,Office Supplies,,,,,
"Premium Transparent Presentation Covers, No Pattern/Clear, 8 1/2"" x 11""",Office Supplies,,,,,
Xerox 1966,Office Supplies,,,,,
Acme Kleen Earth Office Shears,Office Supplies,,,,,
"Maxell Pro 80 Minute CD-R, 10/Pack",Technology,,,,,
Imation Swivel Flash Drive USB flash drive - 8 GB,Technology,,,,,
Acrylic Self-Standing Desk Frames,Furniture,,,,,
"Elite 5"" Scissors",Office Supplies,,,,,
Acco Side-Punched Conventional Columnar Pads,Office Supplies,,,,,
Avery 492,Office Supplies,,,,,
Adjustable Personal File Tote,Office Supplies,,,,,
"Avery 05222 Permanent Self-Adhesive File Folder Labels for Typewriters, on Rolls, White, 250/Roll",Office Supplies,,,,,
Prismacolor Color Pencil Set,Office Supplies,,,,,
Sharp 1540cs Digital Laser Copier,Technology,,,,,
"Eldon Regeneration Recycled Desk Accessories, Black",Furniture,,,,,
Eldon File Chest Portable File,Office Supplies,,,,,
"Verbatim Slim CD and DVD Storage Cases, 50/Pack",Technology,,,,,
Letter Slitter,Office Supplies,,,,,
Samsung Galaxy S4 Active,Technology,,,,,
Office Star - Mid Back Dual function Ergonomic High Back Chair with 2-Way Adjustable Arms,Furniture,,,,,
"Acco Banker's Clasps, 5 3/4""-Long",Office Supplies,,,,,
Logitech Wireless Anywhere Mouse MX for PC and Mac,Technology,,,,,
Acco Economy Flexible Poly Round Ring Binder,Office Supplies,,,,,
Balt Split Level Computer Training Table,Furniture,,,,,
Dixon Ticonderoga Core-Lock Colored Pencils,Office Supplies,,,,,
SAFCO Folding Chair Trolley,Furniture,,,,,
"Office Star - Contemporary Task Swivel chair with Loop Arms, Charcoal",Furniture,,,,,
Avery 515,Office Supplies,,,,,
"TOPS 4 x 6 Fluorescent Color Memo Sheets, 500 Sheets per Pack",Office Supplies,,,,,
"Executive Impressions 13"" Chairman Wall Clock",Furniture,,,,,
Things To Do Today Spiral Book,Office Supplies,,,,,
Logitech Illuminated Ultrathin Keyboard with Backlighting,Technology,,,,,
Serrated Blade or Curved Handle Hand Letter Openers,Office Supplies,,,,,
Ibico EB-19 Dual Function Manual Binding System,Office Supplies,,,,,
"Eldon 300 Class Desk Accessories, Black",Furniture,,,,,
Logitech G430 Surround Sound Gaming Headset with Dolby 7.1 Technology,Technology,,,,,
LG Exalt,Technology,,,,,
GBC Poly Designer Binding Covers,Office Supplies,,,,,
Economy #2 Pencils,Office Supplies,,,,,
"Eldon ""L"" Workstation Diamond Chairmat",Furniture,,,,,
"DAX Copper Panel Document Frame, 5 x 7 Size",Furniture,,,,,
"Maxell 74 Minute CDR, 10/Pack",Technology,,,,,
Micro Innovations Wireless Classic Keyboard with Mouse,Technology,,,,,
"Bush Heritage Pine Collection 5-Shelf Bookcase, Albany Pine Finish, *Special Order",Furniture,,,,,
LG G3,Technology,,,,,
Riverleaf Stik-Withit Designer Note Cubes,Office Supplies,,,,,
HP Office Paper (20Lb. and 87 Bright),Office Supplies,,,,,
"Binney & Smith inkTank Erasable Pocket Highlighter, Chisel Tip, Yellow",Office Supplies,,,,,
RCA ViSYS 25423RE1 Corded phone,Technology,,,,,
3M Polarizing Light Filter Sleeves,Furniture,,,,,
Newell 348,Office Supplies,,,,,
Xerox 1928,Office Supplies,,,,,
"Eldon Expressions Wood and Plastic Desk Accessories, Oak",Furniture,,,,,
Black & Decker Filter for Double Action Dustbuster Cordless Vac BLDV7210,Office Supplies,,,,,
"Ultra Door Kickplate, 8""H x 34""W",Furniture,,,,,
Boston 1900 Electric Pencil Sharpener,Office Supplies,,,,,
WD My Passport Ultra 1TB Portable External Hard Drive,Technology,,,,,
Canon PC170 Desktop Personal Copier,Technology,,,,,
"Memorex 25GB 6X Branded Blu-Ray Recordable Disc, 15/Pack",Technology,,,,,
"Howard Miller 11-1/2"" Diameter Brentwood Wall Clock",Furniture,,,,,
Xerox 1890,Office Supplies,,,,,
Jackery Bar Premium Fast-charging Portable Charger,Technology,,,,,
"Permanent Self-Adhesive File Folder Labels for Typewriters, 1 1/8 x 3 1/2, White",Office Supplies,,,,,
Cisco IP Phone 7961G VoIP phone - Dark gray,Technology,,,,,
"Hon Metal Bookcases, Gray",Furniture,,,,,
Ibico EPK-21 Electric Binding System,Office Supplies,,,,,
"Holmes Visible Mist Ultrasonic Humidifier with 2.3-Gallon Output per Day, Replacement Filter",Office Supplies,,,,,
Rush Hierlooms Collection Rich Wood Bookcases,Furniture,,,,,
Kingston Digital DataTraveler 8GB USB 2.0,Technology,,,,,
"HP Designjet T520 Inkjet Large Format Printer - 24"" Color",Technology,,,,,
Newell 338,Office Supplies,,,,,
Global Enterprise Series Seating High-Back Swivel/Tilt Chairs,Furniture,,,,,
O'Sullivan 5-Shelf Heavy-Duty Bookcases,Furniture,,,,,
Hammermill Color Copier Paper (28Lb. and 96 Bright),Office Supplies,,,,,
Xerox 1990,Office Supplies,,,,,
Xerox 1933,Office Supplies,,,,,
"Green Canvas Binder for 8-1/2"" x 14"" Sheets",Office Supplies,,,,,
Park Ridge Embossed Executive Business Envelopes,Office Supplies,,,,,
"Safco Value Mate Steel Bookcase, Baked Enamel Finish on Steel, Black",Furniture,,,,,
Cisco Desktop Collaboration Experience DX650 IP Video Phone,Technology,,,,,
Howard Miller 12-3/4 Diameter Accuwave DS  Wall Clock,Furniture,,,,,
Xerox 1975,Office Supplies,,,,,
Newell 323,Office Supplies,,,,,
"Boston 1827 Commercial Additional Cutter, Drive Gear & Gear Rack for 1606",Office Supplies,,,,,
"Mead 1st Gear 2"" Zipper Binder, Asst. Colors",Office Supplies,,,,,
"3D Systems Cube Printer, 2nd Generation, Magenta",Technology,,,,,
Avery 487,Office Supplies,,,,,
Hewlett-Packard Deskjet D4360 Printer,Technology,,,,,
DAX Wood Document Frame.,Furniture,,,,,
Xerox 208,Office Supplies,,,,,
Memorex Micro Travel Drive 4 GB,Technology,,,,,
#6 3/4 Gummed Flap White Envelopes,Office Supplies,,,,,
DAX Two-Tone Silver Metal Document Frame,Furniture,,,,,
Avery 503,Office Supplies,,,,,
Holmes 99% HEPA Air Purifier,Office Supplies,,,,,
O'Sullivan Cherrywood Estates Traditional Barrister Bookcase,Furniture,,,,,
SANFORD Major Accent Highlighters,Office Supplies,,,,,
Hon 4-Shelf Metal Bookcases,Furniture,,,,,
Global Adaptabilities Conference Tables,Furniture,,,,,
Newell 316,Office Supplies,,,,,
Fellowes Staxonsteel Drawer Files,Office Supplies,,,,,
Avery Hi-Liter Smear-Safe Highlighters,Office Supplies,,,,,
"Inter-Office Recycled Envelopes, Brown Kraft, Button-String,10"" x 13"" , 100/Box",Office Supplies,,,,,
Xerox 1992,Office Supplies,,,,,
Riverside Furniture Stanwyck Manor Table Series,Furniture,,,,,
Fellowes Recycled Storage Drawers,Office Supplies,,,,,
Xerox 190,Office Supplies,,,,,
Xerox 1892,Office Supplies,,,,,
Seidio BD2-HK3IPH5-BK DILEX Case and Holster Combo for Apple iPhone 5/5s - Black,Technology,,,,,
"TOPS ""Important Message"" Pads, Canary, 4-1/4 x 5-1/2, 50 Sheets per Pad",Office Supplies,,,,,
"24 Capacity Maxi Data Binder Racks, Pearl",Office Supplies,,,,,
Southworth 25% Cotton Premium Laser Paper and Envelopes,Office Supplies,,,,,
Multimedia Mailers,Office Supplies,,,,,
Avery 5,Office Supplies,,,,,
Jensen SMPS-640 - speaker phone,Technology,,,,,
"Master Caster Door Stop, Large Brown",Furniture,,,,,
Fellowes Desktop Hanging File Manager,Office Supplies,,,,,
Xerox 1956,Office Supplies,,,,,
Nu-Dell Oak Frame,Furniture,,,,,
GBC Therma-A-Bind 250T Electric Binding System,Office Supplies,,,,,
Document Clip Frames,Furniture,,,,,
"Hoover Replacement Belts For Soft Guard & Commercial Ltweight Upright Vacs, 2/Pk",Office Supplies,,,,,
Xerox 1937,Office Supplies,,,,,
"DAX Cubicle Frames, 8-1/2 x 11",Furniture,,,,,
Sauder Camden County Collection Library,Furniture,,,,,
Canon PC-428 Personal Copier,Technology,,,,,
Office Star - Ergonomic Mid Back Chair with 2-Way Adjustable Arms,Furniture,,,,,
Xerox 1917,Office Supplies,,,,,
SanDisk Cruzer 16 GB USB Flash Drive,Technology,,,,,
Imation 30456 USB Flash Drive 8GB,Technology,,,,,
Panasonic KX TS208W Corded phone,Technology,,,,,
Xerox 19,Office Supplies,,,,,
SanDisk Cruzer 4 GB USB Flash Drive,Technology,,,,,
AmazonBasics 3-Button USB Wired Mouse,Technology,,,,,
14-7/8 x 11 Blue Bar Computer Printout Paper,Office Supplies,,,,,
"Tyvek Interoffice Envelopes, 9 1/2"" x 12 1/2"", 100/Box",Office Supplies,,,,,
Kleencut Forged Office Shears by Acme United Corporation,Office Supplies,,,,,
"Avery Triangle Shaped Sheet Lifters, Black, 2/Pack",Office Supplies,,,,,
Logitech Keyboard K120,Technology,,,,,
Xerox 1932,Office Supplies,,,,,
Dixon Ticonderoga Pencils,Office Supplies,,,,,
"DAX Contemporary Wood Frame with Silver Metal Mat, Desktop, 11 x 14 Size",Furniture,,,,,
Texas Instrument TI-15 Fraction Calculator,Technology,,,,,
"Deflect-o EconoMat Nonstudded, No Bevel Mat",Furniture,,,,,
OIC Thumb-Tacks,Office Supplies,,,,,
"Sanford EarthWrite Recycled Pencils, Medium Soft, #2",Office Supplies,,,,,
PNY Rapid USB Car Charger - Black,Technology,,,,,
Hon Every-Day Chair Series Swivel Task Chairs,Furniture,,,,,
"SmartStand Mobile Device Holder, Assorted Colors",Technology,,,,,
Belkin 8-Outlet Premiere SurgeMaster II Surge Protectors,Office Supplies,,,,,
Euro Pro Shark Stick Mini Vacuum,Office Supplies,,,,,
Astroparche Fine Business Paper,Office Supplies,,,,,
Zebra ZM400 Thermal Label Printer,Technology,,,,,
Letter Size File,Office Supplies,,,,,
Dexim XPower Skin Super-Thin Power Case for iPhone 5 - Black,Technology,,,,,
Samsung Galaxy S4,Technology,,,,,
Office Star Flex Back Scooter Chair with Aluminum Finish Frame,Furniture,,,,,
Samsung Convoy 3,Technology,,,,,
"Eldon Imàge Series Desk Accessories, Clear",Furniture,,,,,
Avery 491,Office Supplies,,,,,
Xerox 209,Office Supplies,,,,,
"Peel & Seel Recycled Catalog Envelopes, Brown",Office Supplies,,,,,
Avanti 1.7 Cu. Ft. Refrigerator,Office Supplies,,,,,
Acme Design Stainless Steel Bent Scissors,Office Supplies,,,,,
"Barricks Non-Folding Utility Table with Steel Legs, Laminate Tops",Furniture,,,,,
Hewlett-Packard 300S Scientific Calculator,Technology,,,,,
Avery 495,Office Supplies,,,,,
iOttie HLCRIO102 Car Mount,Technology,,,,,
"Avery Hi-Liter GlideStik Fluorescent Highlighter, Yellow Ink",Office Supplies,,,,,
Eldon 500 Class Desk Accessories,Furniture,,,,,
EcoTones Memo Sheets,Office Supplies,,,,,
Xerox 1906,Office Supplies,,,,,
Texas Instruments TI-34 Scientific Calculator,Technology,,,,,
Standard Line “While You Were Out” Hardbound Telephone Message Book,Office Supplies,,,,,
Kingston Digital DataTraveler 64GB USB 2.0,Technology,,,,,
GBC VeloBinder Strips,Office Supplies,,,,,
Xerox 1963,Office Supplies,,,,,
Logitech Z-906 Speaker sys - home theater - 5.1-CH,Technology,,,,,
"Sanyo Counter Height Refrigerator with Crisper, 3.6 Cubic Foot, Stainless Steel/Black",Office Supplies,,,,,
Luxo Adjustable Task Clamp Lamp,Furniture,,,,,
Unpadded Memo Slips,Office Supplies,,,,,
Barrel Sharpener,Office Supplies,,,,,
Acco Glide Clips,Office Supplies,,,,,
"Bush Cubix Conference Tables, Fully Assembled",Furniture,,,,,
"Office Star - Contemporary Task Swivel chair with 2-way adjustable arms, Plum",Furniture,,,,,
RCA H5401RE1 DECT 6.0 4-Line Cordless Handset With Caller ID/Call Waiting,Technology,,,,,
"SAFCO PlanMaster Boards, 60w x 37-1/2d, White Melamine",Furniture,,,,,
Xerox 20,Office Supplies,,,,,
"HP Officejet Pro 8600 e-All-In-One Printer, Copier, Scanner, Fax",Technology,,,,,
"Black Print Carbonless 8 1/2"" x 8 1/4"" Rapid Memo Book",Office Supplies,,,,,
Lunatik TT5L-002 Taktik Strike Impact Protection System for iPhone 5,Technology,,,,,
"Iris 3-Drawer Stacking Bin, Black",Office Supplies,,,,,
Panasonic Business Telephones KX-T7736,Technology,,,,,
Hunt Boston Vacuum Mount KS Pencil Sharpener,Office Supplies,,,,,
Portfile Personal File Boxes,Office Supplies,,,,,
"Belkin 19"" Center-Weighted Shelf, Gray",Office Supplies,,,,,
Hon Comfortask Task/Swivel Chairs,Furniture,,,,,
"Career Cubicle Clock, 8 1/4"", Black",Furniture,,,,,
Boston 16765 Mini Stand Up Battery Pencil Sharpener,Office Supplies,,,,,
Avery 475,Office Supplies,,,,,
"Vtech AT&T CL2940 Corded Speakerphone, Black",Technology,,,,,
Tenex B1-RE Series Chair Mats for Low Pile Carpets,Furniture,,,,,
Griffin GC17055 Auxiliary Audio Cable,Technology,,,,,
Rogers Profile Extra Capacity Storage Tub,Office Supplies,,,,,
RCA ViSYS 25825 Wireless digital phone,Technology,,,,,
Xerox 1914,Office Supplies,,,,,
Xerox 1902,Office Supplies,,,,,
Acme Titanium Bonded Scissors,Office Supplies,,,,,
Ibico Recycled Linen-Style Covers,Office Supplies,,,,,
Xerox 207,Office Supplies,,,,,
Socket Bluetooth Cordless Hand Scanner (CHS),Technology,,,,,
Okidata B400 Printer,Technology,,,,,
"Logitech Wireless Boombox Speaker - portable - wireless, wired",Technology,,,,,
Xiaomi Mi3,Technology,,,,,
Xerox 1947,Office Supplies,,,,,
Sony Micro Vault Click 4 GB USB 2.0 Flash Drive,Technology,,,,,
Xerox 193,Office Supplies,,,,,
iOttie XL Car Mount,Technology,,,,,
Hoover Commercial Lightweight Upright Vacuum with E-Z Empty Dirt Cup,Office Supplies,,,,,
First Data TMFD35 PIN Pad,Technology,,,,,
Ultra Commercial Grade Dual Valve Door Closer,Furniture,,,,,
Contemporary Borderless Frame,Furniture,,,,,
"3D Systems Cube Printer, 2nd Generation, White",Technology,,,,,
Panasonic KX - TS880B Telephone,Technology,,,,,
"Acco Recycled 2"" Capacity Laser Printer Hanging Data Binders",Office Supplies,,,,,
Xerox 1936,Office Supplies,,,,,
Avery Legal 4-Ring Binder,Office Supplies,,,,,
Avaya 5410 Digital phone,Technology,,,,,
"TOPS Money Receipt Book, Consecutively Numbered in Red,",Office Supplies,,,,,
Desktop 3-Pocket Hot File,Office Supplies,,,,,
Wirebound Voice Message Log Book,Office Supplies,,,,,
Konica Minolta magicolor 1690MF Multifunction Printer,Technology,,,,,
"Linden 12"" Wall Clock With Oak Frame",Furniture,,,,,
Tensor Brushed Steel Torchiere Floor Lamp,Furniture,,,,,
Ricoh - Ink Collector Unit for GX3000 Series Printers,Technology,,,,,
"Wirebound Message Forms, Four 2 3/4 x 5 Forms per Page, Pink Paper",Office Supplies,,,,,
Avery 479,Office Supplies,,,,,
Okidata C610n Printer,Technology,,,,,
Xerox 229,Office Supplies,,,,,
Acme Galleria Hot Forged Steel Scissors with Colored Handles,Office Supplies,,,,,
Nu-Dell EZ-Mount Plastic Wall Frames,Furniture,,,,,
Tensor Track Tree Floor Lamp,Furniture,,,,,
Hon Olson Stacker Chairs,Furniture,,,,,
Belkin 7-Outlet SurgeMaster Home Series,Office Supplies,,,,,
Griffin GC36547 PowerJolt SE Lightning Charger,Technology,,,,,
Deflect-o DuraMat Antistatic Studded Beveled Mat for Medium Pile Carpeting,Furniture,,,,,
Cherry 142-key Programmable Keyboard,Technology,,,,,
Motorola L703CM,Technology,,,,,
NeatDesk Desktop Scanner & Digital Filing System,Technology,,,,,
Hoover Commercial Lightweight Upright Vacuum,Office Supplies,,,,,
Xerox 1976,Office Supplies,,,,,
"Stride Job 150 Highlighters, Chisel Tip, Assorted Colors",Office Supplies,,,,,
"Black Avery Memo-Size 3-Ring Binder, 5 1/2"" x 8 1/2""",Office Supplies,,,,,
Xerox 1983,Office Supplies,,,,,
"Tenex Chairmat w/ Average Lip, 45"" x 53""",Furniture,,,,,
"Brother MFC-9340CDW LED All-In-One Printer, Copier Scanner",Technology,,,,,
Avery 484,Office Supplies,,,,,
Electrix Fluorescent Magnifier Lamps & Weighted Base,Furniture,,,,,
Space Solutions Industrial Galvanized Steel Shelving.,Office Supplies,,,,,
Plantronics Single Ear Headset,Technology,,,,,
Zebra GK420t Direct Thermal/Thermal Transfer Printer,Technology,,,,,
"Tensor ""Hersey Kiss"" Styled Floor Lamp",Furniture,,,,,
Memorex Mini Travel Drive 32 GB USB 2.0 Flash Drive,Technology,,,,,
Hoover Commercial SteamVac,Office Supplies,,,,,
Xerox 1938,Office Supplies,,,,,
NETGEAR RangeMax WNR1000 Wireless Router,Technology,,,,,
Xerox 1899,Office Supplies,,,,,
Hewlett-Packard Desktjet 6988DT Refurbished Printer,Technology,,,,,
"Bush Westfield Collection Bookcases, Dark Cherry Finish, Fully Assembled",Furniture,,,,,
"Executive Impressions 16-1/2"" Circular Wall Clock",Furniture,,,,,
Okidata MB760 Printer,Technology,,,,,
"Dixon Ticonderoga Core-Lock Colored Pencils, 48-Color Set",Office Supplies,,,,,
"Executive Impressions 14"" Contract Wall Clock with Quartz Movement",Furniture,,,,,
Sterling Rubber Bands by Alliance,Office Supplies,,,,,
Kensington 6 Outlet SmartSocket Surge Protector,Office Supplies,,,,,
Maxell CD-R Discs,Technology,,,,,
Avery Hi-Liter Pen Style Six-Color Fluorescent Set,Office Supplies,,,,,
"Acme Design Line 8"" Stainless Steel Bent Scissors w/Champagne Handles, 3-1/8"" Cut",Office Supplies,,,,,
Star Micronics TSP100 TSP143LAN Receipt Printer,Technology,,,,,
Xerox 1955,Office Supplies,,,,,
"Snap-A-Way Black Print Carbonless Speed Message, No Reply Area, Duplicate",Office Supplies,,,,,
"1/4 Fold Party Design Invitations & White Envelopes, 24 8-1/2"" X 11"" Cards, 25 Env./Pack",Office Supplies,,,,,
Hewlett-Packard Deskjet F4180 All-in-One Color Ink-jet - Printer / copier / scanner,Technology,,,,,
Lexmark 20R1285 X6650 Wireless All-in-One Printer,Technology,,,,,
Nokia Lumia 1020,Technology,,,,,
Acme Serrated Blade Letter Opener,Office Supplies,,,,,
Okidata B401 Printer,Technology,,,,,
Xerox Blank Computer Paper,Office Supplies,,,,,
4009 Highlighters,Office Supplies,,,,,
Global Enterprise Series Seating Low-Back Swivel/Tilt Chairs,Furniture,,,,,
Self-Adhesive Address Labels for Typewriters with Dispenser Box,Office Supplies,,,,,
Office Star - Task Chair with Contemporary Loop Arms,Furniture,,,,,
Grip Seal Envelopes,Office Supplies,,,,,
Penpower WorldCard Pro Card Scanner,Technology,,,,,
Sony 8GB Class 10 Micro SDHC R40 Memory Card,Technology,,,,,
RCA ViSYS 25425RE1 Corded phone,Technology,,,,,
Cisco 8961 IP Phone Charcoal,Technology,,,,,
"Eureka Hand Vacuum, Bagless",Office Supplies,,,,,
LG G2,Technology,,,,,
Eldon Jumbo ProFile Portable File Boxes Graphite/Black,Office Supplies,,,,,
